target,predicted
di Ē  Ēa'lam ni to'mas na …°ano' ĒoŇč nakaka'tawa si ma'…ĺia,di alam ni tomas na …°anooŇč nakakatawa si ma…ĺia
si'a 'lamaŇč  ĒaŇč duma'tiŇč sa 'pa…ĺti,sija lamaŇč aŇč dumatiŇč sa pa…ĺti
 Ēipapali'wana…° ko  ĒaŇč la'hat mama'ja Ē, Ēipapaliwana…° ko aŇč lahat mamaja
 Ēa'lam ko kuŇč sa' Ēan si'a naŇč…°a'liŇč, Ēalam ko kuŇč saan sija naŇč…°aliŇč
pu'ede  Ēa'koŇč ma…°pa'lit ' Ēajaw ki'taŇč ma…°pa'lit,"""puwede akoŇč ma…°palit"" ""ajaw kitaŇč ma…°palit"""
 ĒaŇč  Ēak'lat na  Ēi'to  Ēaj hin'di Ē kasiŇč Ēinte…ĺe'sante kaj'sa sa  Ēak'lat na  Ēi'on, ĒaŇč aklat na ito aj hindi kasiŇč-inte…ĺesante kajsa sa aklat na ijon
nakasu' Ēot naŇč ta'koŇč si 'me…ĺi,nakasuot Ňč takoŇč si ma…ĺj
bun'dat na namumulak'lak  ĒaŇč ma'Ňča 'punoŇč  Ēalba…ĺi'koke,bundat na namumulaklak aŇč m…°a punoŇč alba…ĺikoke
'dapat ma…°la'kad ka 'laŇč papun'ta do' Ēon,dapat ma…°lakad ka laŇč papunta doon
 ĒaŇč 'bawat 'ta Ēoj sumi'…°aw, ĒaŇč bawat tao'j sumi…°aw
sa' Ēan na…°lala'…ĺo Ē si 'toni,saan na…°lala…ĺo si to…≤?
 ĒaŇč 'sidni  Ēaj ma'lajo Ē mu'la Ē '…ĺito, ĒaŇč  Édnej aj malajo mula …ĺito
ma'haŇčin,mahaŇčin
buma'lik ka 'dito,bumalik ka dito
wa'la Ē 'kaŇč maha'hanap na  Ēi'ba na …°a…°a'wa Ē ni'an 'pa…ĺa sa  Ēi'o,wala kaŇč mahahanap na iba na …°a…°awa nijan pa…ĺa sa ijo
nakati'…ĺa si'a sa 'bahaj do' Ēon,nakati…ĺa sija sa bahaj doon
ma'…ĺunoŇč ka 'baŇč …°uma'wa Ē naŇč ma'Ňča plas'ka…ĺds,ma…ĺunoŇč ka baŇč …°umawa Ňč m…°a plaska…ĺds?
 Ēumu'bo si 'tom, Ēumubo si tom
 Ēa'…°ad Ēa'…°ad mo na si'aŇč dal'hin sa dok'to…ĺ, Ēa…°ad-a…°ad mo na sijaŇč dalhin sa dokto…ĺ
la'hat  Ēaj naŇčja'ja…ĺi naŇč maj dahi'lan,lahat aj naŇčjaja…ĺi naŇč maj dahilan
hin'di Ē masa'ja 'nuŇč liŇč'…°o,hindi masaja nuŇč liŇč…°o
 Ēina'lis ni'a  ĒaŇč ma'Ňča piŇč'…°an sa 'mesa pa…°ka'tapos naŇč ha'punan, Ēinalis nija aŇč m…°a piŇč…°an sa mesa pa…°katapos Ňč hapunan
 Ēa'noŇč ' ĒiŇčaj  Ēi'on, ĒanoŇč iŇčaj ijon?
pina'Ňčako Ē 'koŇč hin'di Ē  Ēa'ko ma…°sa'sabi sa kan'ja,pinaŇčako koŇč hindi ako ma…°sasabi sa ka…≤a
napa'kahaba Ē na'man naŇč panta'loŇč  Ēi'an 'halos  Ēa'bot sa'hi…°,napakahaba naman Ňč pantaloŇč ijan halos abot sahi…°
ipadada'la naŇč ko'…ĺeo  ĒaŇč 'sulat 'bukas, Ēipadadala naŇč ko…ĺeo aŇč sulat bukas
nada'pa Ē si'a sa sa'hi…°,nadapa sija sa sahi…°
sa 'bukid no' Ēon na…° Ēa'la…°a Ē  ĒaŇč la'hat naŇč ma'nok  Ēat ko'neho,sa bukid noonňĆ na…°-ala…°a aŇč lahat Ňč manok at koneho
'bata Ē ka pa,bata ka pa
susu'bukan 'koŇč hu'a…° 'kaŇč  Ēaba'lahin 'habaŇč na…° Ēa' Ēa…ĺal ka,susubukan koŇč huwa…° kaŇč abalahin habaŇč na…°-aa…ĺal ka
 Ēo'ke 'laŇč ba sa'joŇč tulu'Ňčan  Ēa'ko sa t…ĺa'bahoŇč  Ēi'on, Ēok laŇč ba sajo'Ňč tuluŇčan ako sa t…ĺabahoŇč ijon?
ka Ēi'laŇčan 'koŇč  Ēumu'i Ē naŇč ma' Ēa…°a naŇč ka Ēun'ti Ē Ňča'jon,kailaŇčan koŇč umuwi naŇč maa…°a naŇč kaunti Ňčajon
pa…°'ka pina…° Ēu Ēu'sapan ni'a  ĒaŇč 'hobi ni'a pa'la…°i Ē si'aŇč 'pa…ĺaŇč se…ĺ'joso,pa…°ka pina…°-uusapan nija aŇč hobbj nijaňĆ pala…°i sijaŇč pa…ĺaŇč se…ĺjoso
hin'di Ē 'kajaŇč bumi'li naŇč 'ba…°oŇč bisik'leta ni 'd íak,hindi kajaŇč bumili Ňč ba…°oŇč bisikleta ni dÕ° íakk
na'ba…°o  ĒaŇč 'buhaj ko mu'la naŇč naki'lala ko si'a,naba…°o aŇč buhaj ko mula naŇč nakilala ko sija
na…°tat…ĺa'baho si'a sa …°a'bi,na…°tat…ĺabaho sija sa …°abi
hu'a…° 'kaŇč ma…°la'kad naŇč sa'…ĺili pa…°'ka madi'lim na,huwa…° kaŇč ma…°lakad naŇč sa…ĺili pa…°ka madilim na
 Ēi'to  Ēaj hin'di Ē paŇču'Ňčusap, Ēito aj hindi paŇčuŇčusap
…°us'to ni'laŇč pa…° Ēu'sapan  ĒaŇč ma'Ňča 'ba…°aj tuŇč'kol sa …ĺelihi'on,…°usto nilaŇč pa…°-usapan aŇč m…°a ba…°aj tuŇčkol sa …ĺelihijon
'bakit ka'ja Ē ni'a …°ina'wa Ē  Ēi'on,bakit kaja nija …°inawa ijon?
hu'a…° moŇč …°ala'win  ĒaŇč ku'tÕ° Éa…ĺa  Ēat  ĒaŇč 'basoŇč  Ēi'an,huwa…° moŇč …°alawin aŇč kutsa…ĺa at aŇč basoŇč ijan
 Ēi'to  Ēaj ' ĒakiŇč kom'pjute…ĺ, Ēito aj akiŇč kompjute…ĺ
ba'ka Ē 'nasa ku'sina si 'tom 'pe…ĺo ' Ēewan ko,baka nasa kusina si tomňĆ pe…ĺo ewan ko
ba'ka Ē luma'bas  Ēa'ko kuŇč tu'mila na  ĒaŇč  Ēu'lan,baka lumabas ako kuŇč tumila na aŇč ulan
nakakapa…°'basa  Ēa'ko naŇč  ĒiŇč'…°les,nakakapa…°basa ako Ňč iŇčles
'halos si…ĺa' Ēin naŇč  Ēes'kandalo  ĒaŇč ka'njaŇč ka'…ĺe…ĺa,halos si…ĺain Ňč eskandalo aŇč ka…≤aŇč ka…ĺe…ĺa
makatoto'hanan  Ēi'on,makatotohanan ijon
maj ta'noŇč  Ēa'ko 'pa…ĺa sa  Ēi'o,maj tanoŇč ako pa…ĺa sa ijo
tatawa'…°in ko si'a,tatawa…°in ko sija
kamus'ta  ĒaŇč bakas'jon mo,kamusta aŇč baka Éon mo?
papata'jin  Ēa'ko naŇč ma'Ňča ma'…°ulaŇč ko,papatajin ako Ňč m…°a ma…°ulaŇč ko!
na…°kaka'pe  Ēa'ko,na…°kakape ako
'nasa sine'han  Ēa'ko,nasa sinehan ako
suk'li Ē mo,sukli mo
hin'di Ē mas'jadoŇč na…° Ēa' Ēa…ĺal si 'monika,hindi ma ÉadoŇč na…°-aa…ĺal si monika
…°a'lit si'a sa ' Ēakin,…°alit sija sa akin
wa'laŇč pumun'ta,walaŇč pumunta
 ĒaŇč 'laŇčit  Ēaj pu'no Ē naŇč ma Ēi Ēi'tim na ' Ēulap, ĒaŇč laŇčit aj puno Ňč maiitim na ulap
pumupun'ta si'a sa 'lond…ĺes 'kada bu'an,pumupunta sija sa lond…ĺes kada buwan
'dapat ko 'baŇč  Ēuli'tin,dapat ko baŇč ulitin?
na…°' Ēa…ĺal si'a naŇč ma'buti 'pa…ĺa ma'…°iŇč dalub' Ēa…°ham,na…°-a…ĺal sija naŇč mabuti pa…ĺa ma…°iŇč dalub-a…°ham
ka Ēi'laŇčan 'natiŇč ta'wa…°an  ĒaŇč pu'lisja,kailaŇčan natiŇč tawa…°an aŇč puli Éa
 Ēa'noŇč …°ina…°a'wa Ē mo sa ma'Ňča 'lib…ĺeŇč ' Ēo…ĺas mo, ĒanoŇč …°ina…°awa mo sa m…°a lib…ĺeŇč o…ĺas mo?
bu'la…°  ĒaŇč kan'jaŇč  Ēi'saŇč ma'ta,bula…° aŇč ka…≤aŇč isaŇč mata
si'nabi ni'a sa  Ēa'min na na…ĺa'nasan ni'a  ĒaŇč ma'…ĺamiŇč kahi'…ĺapan,sinabi nija sa amin na na…ĺanasan nija aŇč ma…ĺamiŇč kahi…ĺapan
sa' Ēan mo si'la pina…°banta' Ēan,saan mo sila pina…°bantaan?
pa'taj,pataj?
kuŇč ma'si…ĺa Ē 'man  ĒaŇč 'wo…ĺdp…ĺo'seso…ĺ papali'tan 'namin  Ēi'to naŇč wa'laŇč 'bajad,kuŇč masi…ĺa man aŇč wo…ĺd-p…ĺokesso…ĺňĆ papalitan namin ito naŇč walaŇč bajad
na…°'taksi  Ēa'ko 'kasi  Ēumu Ēu'lan,na…°-taksi ako kasi umuulan
muk'haŇč  Ēinte…ĺe'sado tala'…°a si 'tom kaj 'me…ĺi,mukhaŇč inte…ĺesado tala…°a si tom kaj ma…ĺj
hu'a…° na hu'a…° ka'joŇč ma…°la'…ĺo Ē sa da' Ēan,huwa…° na huwa…° kajoŇč ma…°la…ĺo sa daan
 ĒaŇč 'ba…°aj na ' Ēajaw ko sa kan'ja  Ēaj  ĒaŇč pa…°jaja'baŇč ni'a na maj…ĺo' Ēon si'aŇč ma…°an'daŇč '…°…ĺado 'kahit na hin'di Ē 'sja na…° Ēa' Ēa…ĺal, ĒaŇč ba…°aj na ajaw ko sa ka…≤a aj aŇč pa…°jajabaŇč nija na maj…ĺoon sijaŇč ma…°andaŇč …°…ĺado kahit na hindi  Éa na…°-aa…ĺal
'pa…ĺaŇč hin'di Ē  Ēinte…ĺe'sado si 'tom,pa…ĺaŇč hindi inte…ĺesado si tom
 ĒaŇč  Ēak'lat na  Ēi'to  Ēaj tuŇč'kol sa  Ēi'saŇč 'ha…ĺi Ē na nawa'lan naŇč ko'…ĺona, ĒaŇč aklat na ito aj tuŇčkol sa isaŇč ha…ĺi na nawalan Ňč ko…ĺona
'mas …°us'to ko  ĒaŇč ta…°la'mi…° kaj'sa sa ta…°' Ēinit,mas …°usto ko aŇč ta…°-lami…° kajsa sa ta…°-init
hin'di Ē  Ēa'lam ni 'tom kuŇč nasa' Ēan  Ēi'on,hindi alam ni tom kuŇč nasaan ijon
'nasa 'bahaj si 'tom,nasa bahaj si tom?
bini…°'jan ni'a si'a naŇč ma Ēi Ēi'nom,bini…°jan nija sija Ňč maiinom
na…°su'su Éi si'na 'ta…ĺo  Ēat ha'nako,na…°su-sushi sina ta…ĺo at hanako
bumi'li  Ēa'ko '…ĺito naŇč  Ēak'lat ka'hapon,bumili ako …ĺito Ňč aklat kahapon
pumun'ta si'a sa 'pa…ĺis 'pa…ĺa ma…°' Ēa…ĺal naŇč 'siniŇč,pumunta sija sa pa…ĺis pa…ĺa ma…°-a…ĺal Ňč siniŇč
ma…°an'da ba  ĒaŇč pana'hon,ma…°anda ba aŇč panahon?
bu'kas ba sa la'hat  ĒaŇč …°u'saliŇč  Ēi'to,bukas ba sa lahat aŇč …°usaliŇč ito?
mala'ki ka na,malaki ka na
ki'na Ēin si 'tom naŇč  Ēi'saŇč bu'aja,kinain si tom Ňč isaŇč buwaja
 Ēini' Ēisip naŇč ma'Ňča maja'jabaŇč na 'ta Ēo na 'mas mata' Ēas si'la sa  Ēi'ba, Ēiniisip Ňč m…°a majajabaŇč na tao na mas mataas sila sa iba
 Ēini' Ēihaw  ĒaŇč ka…ĺ'ne, Ēiniihaw aŇč ka…ĺne
 Ēi'kuha mo ka'ja Ē  Ēa'ko naŇč  Ēi'sa 'paŇč se…ĺ'besa, Ēikuha mo kaja ako Ňč isa paŇč se…ĺbesa
'bakit ba na pa'la…°iŇč hu'li ka,bakit ba na pala…°iŇč huli ka?
ňĆkaka Ēi'ba  ĒaŇč 'kilos mo,kakaiba aŇč kilos mo
ba'ka Ē 'dapat ma…°hin'taj ka,baka dapat ma…°hintaj ka
pinintu'…ĺahaŇč pu'ti Ē 'pa…ĺaŇč 'mas mala'ki i'toŇč 'bahaj,pinintu…ĺahaŇč putiňĆ pa…ĺaŇč mas malaki itoŇč bahaj
hu'a…° moŇč kali'mutan kuŇč 'sino ka,huwa…° moŇč kalimutan kuŇč sino ka
'kita sa muk'ha Ē ni'a na na Ēi'nis si'a,kita sa mukha nija na nainis sija
hin'di Ē ki'ta iniimbi'tahan,hindi kita iniimbitahan
 ĒaŇč ba'lita Ē ko na…°kasa'kit ka '…ĺaw, ĒaŇč balita ko na…°kasakit ka …ĺaw
nanono' Ēod naŇč ba'lita Ē si tom,nanonood Ňč balita si tom
 Ēi'on  Ēaj ka…ĺa'niwan naŇč …°ina'…°awa Ē hin'di Ē  Ēi'on 'tulad naŇč pa…°…°u'pit naŇč ma'Ňča du'luhan, Ēijon aj ka…ĺaniwan naŇč …°ina…°awaňĆ hindi ijon tulad Ňč pa…°…°upit Ňč m…°a duluhan
hin'di Ē '…ĺin na'man  Ēa'ko  Ēinte…ĺe'sado …°a'win  ĒaŇč ma'Ňča 'ba…°aj na …°an'jan,hindi …ĺin naman ako inte…ĺesado …°awin aŇč m…°a ba…°aj na …°a…≤an
tu'mawa…° si 'tom,tumawa…° si tom
'…°usto mo ba na ta'tawa…°  Ēa'ko naŇč pu'lis,…°usto mo ba na tatawa…° ako Ňč pulis?
kumin'dat ba sa 'yo si 'tom,kumindat ba sa 'jo si tom?
 Ēi'sa si'aŇč ma'husaj na po'litiko  Ēat ma'husaj na  Ēestud'jante, Ēisa sijaŇč mahusaj na politiko at mahusaj na estudjante
mala'kas si'aŇč ma…°sali'ta Ē,malakas sijaŇč ma…°salita
dina'la ni'a  ĒaŇč ka'njaŇč  Ēak'lat,dinala nija aŇč ka…≤aŇč aklat
bi…°'laŇč  Ēuma'lis si 'tom,bi…°laŇč umalis si tom
ki'ta 'koŇč maj bulak'lak sa  Ēi'babaw naŇč pu'pit…ĺe,kita koŇč maj bulaklak sa ibabaw Ňč pupit…ĺe
hu'a…° ka mas'jadoŇč luma'jo Ē,huwa…° ka ma ÉadoŇč lumajo
binu'bulaj na punda'do…ĺ naŇč mo'de…ĺnoŇč  Ēast…ĺono'mia si niko'laus kope…ĺ'nikus,binubulaj na pundado…ĺ Ňč mode…ĺnoŇč ast…ĺonomija si nikolaus kope…ĺnikus
wa'laŇč ta'talo sa 'lasa naŇč 'ba…°oŇč…°a'waŇč ti'napaj,walaŇč tatalo sa lasa Ňč ba…°oŇč-…°awaŇč tinapaj
p…ĺope'so…ĺ ko si'a,p…ĺopeso…ĺ ko sija
'me…ĺon  Ēa'koŇč dala'waŇč 'pusa Ē,me…ĺon akoŇč dalawaŇč pusa
 Ēa'kala Ē 'namin kumakan'ta ka, Ēakala namin kumakanta ka
…°a…°a'win ko  Ēi'an sa kondis'jon na tutu'luŇčan mo  Ēa'ko,…°a…°awin ko ijan sa kondi Éon na tutuluŇčan mo ako
di Ē kuŇč  Ēa'no  ĒaŇč bina'basa mo kun'di Ē kuŇč pa' Ēano mo bina'basa  ĒaŇč kahulu'…°an,di kuŇč ano aŇč binabasa mo kundi kuŇč paano mo binabasa aŇč kahulu…°an
ma…°pa'kita Ē ka sa ' Ēakin,ma…°pakita ka sa akin!
sa'sama ka ba sa ' Ēakin sa tin'dahan,sasama ka ba sa akin sa tindahan?
hin'di Ē si'a na…°pali…°ujli'…°oj,hindi sija na…°pali…°uj-li…°oj
sa ' Ēatin 'lamaŇč dala'wa na'hulo…° ba  ĒaŇč lo' Ēob mo 'pa…ĺa sa ' ĒakiŇč kapa'tid na ba'ba Ēe,sa atin lamaŇč dalawa; nahulo…° ba aŇč loob mo pa…ĺa sa akiŇč kapatid na babae?
sa ti'Ňčin ko o'ke 'laŇč,sa tiŇčin ko ok laŇč
 Ēa'lam mo ba na 'mas mala'kas ka sa  Ēa'kala Ē mo, Ēalam mo ba na mas malakas ka sa akala mo?
hin'di Ē ko ňĆsasa…°u'tin  ĒaŇč …°an'jan kata'ŇčaŇč ta'noŇč,hindi ko sasa…°utin aŇč …°a…≤an kataŇčaŇč tanoŇč
…°a' Ēano  Ēi'on ka'lawak,…°aano ijon kalawak?
na…°it'la si'a naŇč na…ĺi'ni…° ni'a  ĒaŇč ba'lita Ē,na…°itla sija naŇč na…ĺini…° nija aŇč balita
pina'taj  ĒaŇč 'tubi…°,pinataj aŇč tubi…°
kuŇč  Ēa'koj  Ēi'saŇč ' Ēibon ňĆlili'pad  Ēa'ko pa'tuŇčo sa 'jo,kuŇč ako'j isaŇč ibonňĆ lilipad ako patuŇčo sa 'jo
han'da Ē na si'aŇč ha…ĺa'pin  ĒaŇč kapa'la…ĺan ni'a,handa na sijaŇč ha…ĺapin aŇč kapala…ĺan nija
 Ēipinaki'lala ni'a  Ēa'ko sa kan'ja sa 'pa…ĺti, Ēipinakilala nija ako sa ka…≤a sa pa…ĺti
ma…°a'liŇč Ňča'jon  Ēat ni mas'jadoŇč mabi'…°at ni mas'jadoŇč ma…°a' Ēan,ma…°aliŇč Ňčajon at ni ma ÉadoŇč mabi…°at ni ma ÉadoŇč ma…°aan
mataŇč'kad si 'me…ĺi,mataŇčkad si ma…ĺj
 Ēumu Ēu'lan 'dito, Ēumuulan dito
si'a  Ēaj na…°mumu'…ĺa sa 'bidjo,sija aj na…°mumu…ĺa sa bidjo
hin'di Ē ko  Ēa'lam kuŇč ma…°'kano 'to,hindi ko alam kuŇč ma…°kano 'to
na…°'lalakad ba si 'tom papun'taŇč  ĒeskuňĆela'han,na…°lalakad ba si tom papuntaŇč eskuwelahan?
…°a'wa Ē sa 'kahoj  ĒaŇč pu'pit…ĺe,…°awa sa kahoj aŇč pupit…ĺe
 ĒaŇč ba'Ňčo naŇč bif'stek na  Ēi'to, ĒaŇč baŇčo Ňč beefsteak na ito
…°ina'wa Ē moŇč  Ēi'saŇč ha'Ňčal  ĒaŇč  Ēi'joŇč sa'…ĺili,…°inawa moŇč isaŇč haŇčal aŇč ijoŇč sa…ĺili
 ĒaŇč  Ēa…ĺ'tikulo tuŇč'kol sa bu'dismoj binu'haj  ĒaŇč 'hili…° ko sa ma'Ňča …ĺelihi'oŇč sila'Ňčanin, ĒaŇč a…ĺtikulo tuŇčkol sa budismo'j binuhaj aŇč hili…° ko sa m…°a …ĺelihijoŇč silaŇčanin
 Ēa'lam 'koŇč …°a'lit ka sa ' Ēakin, Ēalam koŇč …°alit ka sa akin
 Ēi'saŇč da' ĒaŇč 'met…ĺoŇč kata Ēa'san  ĒaŇč …°u'sali Ē, ĒisaŇč daaŇč met…ĺoŇč kataasan aŇč …°usali
…°us'to 'koŇč ma…°t…ĺa'baho sa kapeti…ĺ'ja,…°usto koŇč ma…°t…ĺabaho sa kapeti…ĺja
 Ēi'laŇč 'ta Ēo  ĒaŇč 'nasa '…°…ĺupo mo, ĒilaŇč tao aŇč nasa …°…ĺupo mo?
pu'ede moŇč 'kunin  ĒaŇč lib'…ĺo kuŇč maba'basa mo,puwede moŇč kunin aŇč lib…ĺo kuŇč mababasa mo
 Ēumi'nom  Ēat ku'ma Ēin, Ēuminom at kumain
…°ani'to  ĒaŇč pa…°…°a'mit naŇč 'makina,…°anito aŇč pa…°…°amit Ňč makina
 Ēi'to  ĒaŇč ' Ēawit ko, Ēito aŇč awit ko
mataŇč'kad si'a 'pe…ĺo 'laloŇč 'mas mataŇč'kad  ĒaŇč kapa'tid ni'aŇč la'laki,mataŇčkad sijaňĆ pe…ĺo laloŇč mas mataŇčkad aŇč kapatid nijaŇč lalaki
ban'sa Ē  ĒaŇč ni'ue,bansa aŇč niue
 Ēi'sa sa ' Ēatin  ĒaŇč 'dapat …°a…°a'wa Ē ni'to, Ēisa sa atin aŇč dapat …°a…°awa nito
dal'hin mo  ĒaŇč ma'Ňča ba'…°ahe sa  Ēita' Ēas,dalhin mo aŇč m…°a ba…°ahe sa itaas
na…°kama'li Ē 'koŇč dina'la  ĒaŇč 'pajoŇč ni'a,na…°kamali koŇč dinala aŇč pajoŇč nija
sinusu'bukan ni'laŇč ňĆkonta'kin si'a,sinusubukan nilaŇč kontakin sija
nata'takot  Ēa'koŇč  Ēuma'lis,natatakot akoŇč umalis
hu'a…° 'muna mawa'la Ē naŇč pa…°' Ēasa,huwa…° muna mawala Ňč pa…°-asa
'dapat tuma'wid 'tajo naŇč ' Ēilo…°  Ēa'no 'kaja  ĒaŇč ma'Ňča ka'bajo,"""dapat tumawid tajo naŇč ilo…°"" ""ano kaja aŇč m…°a kabajo?"""
paki…ĺam'dam koj  Ēini'wasan ni'a  ĒaŇč ma'Ňča pinakamahala'…°aŇč p…ĺo'blema,paki…ĺamdam ko'j iniwasan nija aŇč m…°a pinakamahala…°aŇč p…ĺoblema
na'kita mo ba  Ēa'noŇč …°ina'wa Ē ni'la sa 'pabo,nakita mo ba anoŇč …°inawa nila sa pabo?
tulu'Ňčan mo si'a,tuluŇčan mo sija
pa'sok,pasok
 ĒaŇč kani'laŇč ma'Ňča  Ēu'…°ali Ē ' Ēaj tala'…°aŇč nakakata'wa, ĒaŇč kanilaŇč m…°a u…°ali aj tala…°aŇč nakakatawa!
 Ēa'noŇč naka…°i'siŇč sa  Ēi'o, ĒanoŇč naka…°isiŇč sa ijo?
hin'di Ē ko  Ēi'an ma…°a'…°awa Ē 'habaŇč …°ani'to  ĒaŇč kala'…°ajan Ňča'jon,hindi ko ijan ma…°a…°awa habaŇč …°anito aŇč kala…°ajan Ňčajon
ta'han na,tahan na
 Ēi'laŇč 'susi Ē ta'noŇč ni 'pepe…ĺbe…ĺ…°,"""ilaŇč susi?"" tanoŇč ni peppe…ĺbe…ĺ…°"
…°us'to mo ni'toŇč 'kulaj,…°usto mo nitoŇč kulaj?
pa' Ēano,paano?
'sino  ĒaŇč hina'hanap ni'o,sino aŇč hinahanap nijo?
ikinub'li ni'a  ĒaŇč ka'njaŇč 'paŇčit na muk'ha Ē, Ēikinubli nija aŇč ka…≤aŇč paŇčit na mukha
…°us'toŇč ma…°bio'lin si 'ajnstajn,…°ustoŇč ma…°bijolin si einstein
sa ti'Ňčin ko  Ēaj maj tinata'…°o Ē si'a sa ' Ēakin,sa tiŇčin ko aj maj tinata…°o sija sa akin
di Ē ka pa na…°disi' Éon,di ka pa na…°disi Éon?
hin'di Ē  Ēa'ko ma'damot,hindi ako madamot
palabi'…ĺo Ē tala'…°a si'a,palabi…ĺo tala…°a sija
'sino  ĒaŇč 'ta ĒoŇč  Ēi'to,sino aŇč taoŇč ito?
…°us'to 'koŇč pumun'ta …ĺo' Ēon,…°usto koŇč pumunta …ĺoon
hali'kan mo si tom,halikan mo si tom
puma'pasok sa ňĆpa Ēa…ĺa'lan si hi'…ĺomi naŇč 'limaŇč ' Ēa…ĺaw sa  Ēi'saŇč bu'an,pumapasok sa paa…ĺalan si hi…ĺomi Ňč limaŇč a…ĺaw sa isaŇč buwan
mala'ki  ĒaŇč pa' Ēa naŇč ' Ēaso mo,malaki aŇč paa Ňč aso mo
nanini'wala  Ēa'ko na  Ēino'sente si'a,naniniwala ako na inosente sija
na…°dedeko…ĺas'jon si ma'…ĺia naŇč kan'jaŇč 'paso Ē,na…°dedeko…ĺa Éon si ma…ĺia Ňč ka…≤aŇč paso
 ĒaŇč kaba'ta Ēan ' Ēaj  ĒaŇč pa…°' Ēasa naŇč kiňĆnabu'kasan, ĒaŇč kabataan aj aŇč pa…°-asa Ňč kinabukasan
ma Ēa' Ēa…ĺi Ē mo 'baŇč  Ēila'…°aj  ĒaŇč ma'Ňča ba'…°ahe sa 'kotÕ° Ée,maaa…ĺi mo baŇč ila…°aj aŇč m…°a ba…°ahe sa kotse?
 Ēa'lin 'dito  ĒaŇč sa'jo, Ēalin dito aŇč sajo?
tumi'ti…ĺa  ĒaŇč ňĆmanunu'lat sa 'kahoj na ka'bina,tumiti…ĺa aŇč manunulat sa kahoj na kabina
di Ē si'la pumalak'pak 'pa…ĺa sa ' Ēatin,di sila pumalakpak pa…ĺa sa atin
 Ēipa'kita mo sa ' Ēakin, Ēipakita mo sa akin
' Ēakin  ĒaŇč ma'Ňča lib'…ĺoŇč  Ēi'to  ĒaŇč ma'Ňča  Ēi'on na'man  Ēaj sa kani'a, Ēakin aŇč m…°a lib…ĺoŇč ito; aŇč m…°a ijon naman aj sa kanija
…°us'to ni'aŇč tu'mi…ĺa sa i'baŇč da Ēi…°'di…°,…°usto nijaŇč tumi…ĺa sa ibaŇč dai…°di…°
 ĒaŇč ka Ēala'man naŇč 'wika Ē  Ēaj  Ēi'saŇč 'ba…°aj  ĒaŇč pa…°tu'tu…ĺo ni'to  Ēaj  Ēi'ba pa, ĒaŇč kaalaman Ňč wika aj isaŇč ba…°aj; aŇč pa…°tutu…ĺo nito aj iba pa
'mas ma'hal ni 'd íak si 'ben kaj'sa ka'njaŇč sa'…ĺili,mas mahal ni dÕ° íakk si ben kajsa ka…≤aŇč sa…ĺili
mahuhu'li ka sa  Ēesku'ela,mahuhuli ka sa eskuwela
 Ēipa…°bibi'li mo ba sa ' Ēakin  ĒaŇč ' Ēawto mo, Ēipa…°bibili mo ba sa akin aŇč awto mo?
tapu'sin 'natin  ĒaŇč la'…ĺo Ē,tapusin natin aŇč la…ĺo
ma…°simu'la Ē 'dito,ma…°simula dito
'bahaj ko  Ēi'to,bahaj ko ito
mabi'lis na tumiti'bok  ĒaŇč ' ĒakiŇč 'puso Ē,mabilis na tumitibok aŇč akiŇč puso
bumi'li si 'tom naŇč da'lawaŇč 'kopja naŇč lib'…ĺo,bumili si tom Ňč dalawaŇč kopja Ňč lib…ĺo
nawa'la Ē na  ĒaŇč 'makina naŇč ' Ēo…ĺas,nawala na aŇč makina Ňč o…ĺas!
bu'moto na,bumoto na!
si'noŇč de'monjo ka ba,sinoŇč demo…≤o ka ba?
sinam'paj ko  ĒaŇč ňĆla'bahin,sinampaj ko aŇč labahin
'sabi naŇč pu'lis sa kani'la pi'…°il,"sabi Ňč pulis sa kanilaňĆ ""pi…°il"""
salu'hin mo si'a,saluhin mo sija
puma…ĺi'ni ka sa  Ēi'lalim naŇč 'pajoŇč ko ' Ēo mababa'sa Ē ka,puma…ĺini ka sa ilalim Ňč pajoŇč koňĆ o mababasa ka
ka'pe pa paki' Ēusap,kape paňĆ pakiusap
sa'baj ta'jo Ē  Ēu Ēu'i Ē,sabaj tajo uuwi!
pinakama…°an'daŇč ' Ēa…ĺaw  Ēi'to naŇč 'buhaj ko,pinakama…°andaŇč a…ĺaw ito Ňč buhaj ko
'me…ĺon ka'miŇč 'pusa Ē  Ēat ' Ēaso,me…ĺon kamiŇč pusa at aso
di Ē ko pa na'basa  ĒaŇč la'hat naŇč  Ēak'lat,di ko pa nabasa aŇč lahat Ňč aklat
pu'no Ē  ĒaŇč 'bote na naŇč 'tubi…°,puno aŇč bote na Ňč tubi…°
'pa…ĺa sa ' Ēakin  Ēimpo'sibleŇč sa…°u'tin  ĒaŇč ta'noŇč  Ēi'to,pa…ĺa sa akinňĆ imposibleŇč sa…°utin aŇč tanoŇč ito
 Ēa'lam 'koŇč mata'lino ka, Ēalam koŇč matalino ka
na' Ēiwan mo  ĒaŇč  Ēaj'di mo sa 'bahaj ka'ja Ē hin'di Ē ka makakapa'sok,naiwan mo aŇč id mo sa bahajňĆ kaja hindi ka makakapasok
hin'di Ē ka'mi na…°kaňĆkama'li Ē,hindi kami na…°kakamali
tinataŇč'kilik naŇč ma'Ňča ti'nedje…ĺ  ĒaŇč ka'njaŇč ma'Ňča  Ēak'lat,tinataŇčkilik Ňč m…°a tinedje…ĺ aŇč ka…≤aŇč m…°a aklat
 Ēa'no  ĒaŇč su' Ēot mo, Ēano aŇč suot mo?
ma' Ēa…°a pa,maa…°a pa
'…°usto naŇč ma'Ňča 'bataŇč maka…ĺi'ni…° naŇč  Ēi'saŇč naňĆkaka'takot na 'kwento,…°usto Ňč m…°a bataŇč maka…ĺini…° Ňč isaŇč nakakatakot na kwento
 Ēi'to  ĒaŇč 'nanaj ko, Ēito aŇč nanaj ko
 Ēuma'lis si'la 'pa…ĺa ma…°'piknik, Ēumalis sila pa…ĺa ma…°piknik
si'a  Ēaj  Ēina'…ĺesto ni'la,sija aj ina…ĺesto nila
hin'di Ē ko kina Ēi'laŇčaŇč ma…°di'li…° naŇč ma'Ňča bulak'lak kata'tapos ko 'lamaŇč  Ēaj bi…°'laŇč  Ēumu'lan,hindi ko kinailaŇčaŇč ma…°dili…° Ňč m…°a bulaklak katatapos ko lamaŇč aj bi…°laŇč umulan
na'talo  Ēa'ko,natalo ako
 Ēi'to  ĒaŇč taňĆlasali'ta Ēan ko, Ēito aŇč talasalitaan ko
tumi'…ĺa si'aŇč ma…° Ēi'sa sa '…°ubat,tumi…ĺa sijaŇč ma…°-isa sa …°ubat
nakata'naw si'a sa la'bas naŇč bin'tana Ē,nakatanaw sija sa labas Ňč bintana
ku'malat na sa bu' ĒoŇč 'ba…ĺjo  ĒaŇč 'tÕ° Éismis,kumalat na sa buoŇč ba…ĺ…ĺio aŇč tsismis
napaka…°an'da naŇč ma'Ňča bitu' Ēin,napaka…°anda Ňč m…°a bituin!
mala'mi…° ka…°a'bi,malami…° ka…°abi
na…°'ba…°o si 'tom,na…°ba…°o si tom
wa'la Ē si'jaŇč 'pensil,wala sijaŇč pensil
sinu'…°od ni'la  ĒaŇč  Ēi'saŇč '…°…ĺupo naŇč ma'Ňča p…ĺan'ses  Ēat pina'taj  ĒaŇč sam'pu Ē 'dito,sinu…°od nila aŇč isaŇč …°…ĺupo Ňč m…°a p…ĺanses at pinataj aŇč sampu dito
mala'ki  ĒaŇč 'bahaj ko,malaki aŇč bahaj ko
si'a  Ēaj nakakala'Ňčoj naŇč 'mas ma'lajo Ē kaj'sa sa ' Ēakin,sija aj nakakalaŇčoj naŇč mas malajo kajsa sa akin
naňĆkaka'takot tala'…°a  ĒaŇč da Ēi…°'di…° sa la'bas,nakakatakot tala…°a aŇč dai…°di…° sa labas
 Ēa'no  ĒaŇč …°us'toŇč mala'man ni 'tom, Ēano aŇč …°ustoŇč malaman ni tom?
ma'hal  Ēa'ko ni 'tom,mahal ako ni tom
hin'di Ē pinaniwala' Ēan naŇč pu'lis  ĒaŇč 'kwento ni 'tom,hindi pinaniwalaan Ňč pulis aŇč kwento ni tom
mali' Ēit 'lamaŇč  ĒaŇč bini'sita 'koŇč ba…ĺaŇč'…°aj sa na'…°ano p…ĺe'fekt Éu…ĺ no' ĒoŇč naka…ĺa' ĒaŇč ta…° Ēa'…ĺaw,maliit lamaŇč aŇč binisita koŇč ba…ĺaŇč…°aj sa na…°ano p…ĺefektu…ĺe nooŇč naka…ĺaaŇč ta…°-a…ĺaw
…°a'waŇč 'kahoj  ĒaŇč kas'tiljo ni'a,…°awaŇč kahoj aŇč kastiljo nija
ma' ĒiŇčat na ma' ĒiŇčat si'a ka'ja Ē hin'di Ē si'a mada'las na…°kaňĆkama'li Ē,maiŇčat na maiŇčat sijaňĆ kaja hindi sija madalas na…°kakamali
 Ēi'saŇč 'pusa Ē  ĒaŇč luma'bas sa  Ēi'lalim naŇč la'mesa, ĒisaŇč pusa aŇč lumabas sa ilalim Ňč lamesa
'bakit ka'jo nandi'an,bakit kajo nandijan?
binibi'niŇč kate'…ĺina wa'la Ē na  Ēa'koŇč masa'sabi,binibiniŇč kate…ĺinaňĆ wala na akoŇč masasabi
'dapat na…°ta…°'po Ē 'tajo naŇč  Ēa'las si'ete,dapat na…°ta…°po tajo naŇč alas sijete
 Ēa'no  ĒaŇč pabo'…ĺito moŇč ' Ēu…ĺi Ē naŇč pa…°'ka Ēin, Ēano aŇč pabo…ĺito moŇč u…ĺi Ňč pa…°kain?
ka Ēi'laŇčan 'koŇč  Ēuma'lis,kailaŇčan koŇč umalis
 Ēa'ko 'laŇč ba  ĒaŇč ka Ēi'bi…°an moŇč hin'di Ē ňĆdÕ° íapa'nis, Ēako laŇč ba aŇč kaibi…°an moŇč hindi dÕ° íapanese?
ma'…ĺunoŇč si'a naŇč kon'tiŇč  ĒiŇč'…°les,ma…ĺunoŇč sija Ňč kontiŇč iŇčles
maj '…°…ĺabeŇč p…ĺo'blema 'tajo '…ĺito,maj …°…ĺabeŇč p…ĺoblema tajo …ĺito
wa'laŇč dahi'lan 'pa…ĺa ma'takot,walaŇč dahilan pa…ĺa matakot
na…° Ēa' Ēa…ĺal si'a naŇč  ĒiŇč'…°les ' Ēa…ĺaw' Ēa…ĺaw,na…°-aa…ĺal sija Ňč iŇčles a…ĺaw-a…ĺaw
 Ēi'saŇč si'…ĺena si 'me…ĺi, ĒisaŇč si…ĺena si ma…ĺj
pawa'laŇč'…°alaŇč 'po Ē 'pe…ĺo pu'ede ba 'po nin'joŇč sa'bihin sa ' Ēakin kuŇč sa' Ēan  ĒaŇč pa…°pa'lit naŇč 't…ĺen,pawalaŇč…°alaŇč poňĆ pe…ĺo puwede ba po ni…≤oŇč sabihin sa akin kuŇč saan aŇč pa…°palit Ňč t…ĺen?
na…°'basa  Ēa'ko naŇč  Ēak'lat ka…°a'bi,na…°basa ako Ňč aklat ka…°abi
' ĒiŇčat, ĒiŇčat!
mala'ki  ĒaŇč …°i'nastos sa 'ba…°oŇč tu'laj,malaki aŇč …°inastos sa ba…°oŇč tulaj
maj dala'waŇč  Ēa'nak na ba'ba Ēe si'la,maj dalawaŇč anak na babae sila
 Ēa'noŇč 't…ĺen  ĒaŇč sasakja'nan mo, ĒanoŇč t…ĺen aŇč sasakjanan mo?
 Ēa'ko '…ĺin, Ēako …ĺin!
kumikid'lat 'ba…°o kumu'lo…°,kumikidlat ba…°o kumulo…°
tala'…°aŇč naňĆkaka Ēi'nis Ňča'jon  Ēaj sumasa'kit pa'la…°i Ē  ĒaŇč ' Ēulo ko kuŇč …°uma'…°amit naŇč kom'pjute…ĺ,tala…°aŇč nakakainis Ňčajon aj sumasakit pala…°i aŇč ulo ko kuŇč …°uma…°amit Ňč kompjute…ĺ!
mala'mi…°  ĒaŇč pa…°'ka Ēin,malami…° aŇč pa…°kain
nasa' Ēan  ĒaŇč ma…° Ēa Ēa'…ĺal,nasaan aŇč ma…°-aa…ĺal?
 Ēi'ak si'a naŇč  Ēi'ak, Ēijak sija Ňč ijak
hu'a…° moŇč kalimu'taŇč  Ēi'sama  Ēa'ko sa mabi'bilaŇč,huwa…° moŇč kalimutaŇč isama ako sa mabibilaŇč
pinaja'…°an ko  ĒaŇč ' ĒakiŇč ' Ēaso na tumak'bo na maj kalaja' Ēan,pinaja…°an ko aŇč akiŇč aso na tumakbo na maj kalajaan
di Ē 'ba…°oŇč  Ēa…°'ham ta'la…°a Ē  ĒaŇč  Ēast…ĺono'mia,di ba…°oŇč a…°ham tala…°a aŇč ast…ĺonomija
bili'san mo 'tom,bilisan moňĆ tom
nakati'…ĺa si'a naŇč sa'…ĺili sa '…°ubat,nakati…ĺa sija naŇč sa…ĺili sa …°ubat
maj…ĺo' Ēon  Ēa'koŇč li'maŇč ma'Ňča ka Ēi'bi…°an,maj…ĺoon akoŇč limaŇč m…°a kaibi…°an
si'…°u…ĺo 'tama Ē ka,si…°u…ĺo tama ka
pa' Ēano ka pumu'punta sa ňĆpa Ēa…ĺa'lan,paano ka pumupunta sa paa…ĺalan?
 Ēi'on  Ēaj salamaŇč'kaŇč 'nume…ĺo, Ēijon aj salamaŇčkaŇč nume…ĺo
nakatin'di…° si'a,nakatindi…° sija
na'sa Ē kani'la 'juŇč ka'bajo,nasa kanila juŇč kabajo
 Ēa'no ba  ĒaŇč wabi'sabi," Ēano ba aŇč ""wabi-sabi""?"
kuŇč ma…°an'da 'bukas ma…°pipik'nik 'tajo,kuŇč ma…°anda bukasňĆ ma…°pipiknik tajo
wa'la Ē daw masusu' Ēot si 'me…ĺi,wala daw masusuot si ma…ĺj
 Ēa'ko  Ēaj ňĆmamamaha'ja…°, Ēako aj mamamahaja…°
si'nisi ko si'a sa kasa'lanan ni'a,sinisi ko sija sa kasalanan nija
ta'kot si'a sa ma'Ňča ' Ēaso,takot sija sa m…°a aso
na…ĺi'to pa ba si'a no' ĒoŇč  Ēi'kaw  Ēaj duma'tiŇč,na…ĺito pa ba sija nooŇč ikaw aj dumatiŇč?
di Ē ko ki'ta  ĒaŇč ka Ēiba'han,di ko kita aŇč kaibahan
 Ēi'sa si'aŇč 'na…ĺs hin'di Ē dok'to…ĺ, Ēisa sijaŇč na…ĺsňĆ hindi dokto…ĺ
ka Ēi'laŇčan ko ta'pusin 'jun,kailaŇčan ko tapusin jun
na Ēi'nom  ĒaŇč ma'Ňča  Ēele'pante naŇč 'tubi…°,nainom aŇč m…°a elepante Ňč tubi…°
bumi'li si to'mas  Ēat ma'…ĺia naŇč 'bahaj na maj palaŇču'jan,bumili si tomas at ma…ĺia Ňč bahaj na maj palaŇčujan
binili'san ko  Ēumu'i Ē,binilisan ko umuwi
sun'dan mo  ĒaŇč 'ta ĒoŇč  Ēi'on,sundan mo aŇč taoŇč ijon
ki'na Ēin ni 'tom  ĒaŇč 'kendi mo,kinain ni tom aŇč kendi mo
pa' Ēano mo …°us'to  ĒaŇč ka'pe mo,paano mo …°usto aŇč kape mo?
 Ēa'kala Ē ni'la hin'di Ē ni'a na…°ustu'han  ĒaŇč …ĺe'…°alo, Ēakala nila hindi nija na…°ustuhan aŇč …ĺe…°alo
masasa'…ĺap  ĒaŇč kani'laŇč ma'Ňča 'kejk,masasa…ĺap aŇč kanilaŇč m…°a kejk
naki'lala ko si'a ki'na 'tom,nakilala ko sija kina tom
 Ēa'lam 'Ňča Ē 'namin  Ēi'on, Ēalam Ňča namin ijon
ňĆbaba'lik si'a 'bukas,babalik sija bukas
hin'di Ē  Ēa'ko sasa'…°ot ka'pa…° itata'noŇč ni'a sa ' Ēakin  ĒaŇč ta'noŇč na  Ēi'on,hindi ako sasa…°ot kapa…° itatanoŇč nija sa akin aŇč tanoŇč na ijon
 ĒaŇč ma'Ňča  Ēital'jano  Ēaj kuma'ka Ēin naŇč 'pasta, ĒaŇč m…°a italjano aj kumakain Ňč pasta
si'a  Ēaj nakapu'la,sija aj nakapula
 Ēi'laŇč maŇč'kok naŇč 'kanin  ĒaŇč ki'na Ēin mo, ĒilaŇč maŇčkok Ňč kanin aŇč kinain mo?
 Ēinis'to…ĺbo 'namin si'a, Ēinisto…ĺbo namin sija
' Ēo Ēo maj ma…°an'daŇč  Ēi'dea  Ēa'ko, ĒooňĆ maj ma…°andaŇč ideja ako
hin'di Ē  Ēumu'i Ē sa 'bahaj si 'stiv,hindi umuwi sa bahaj si steve
wa'la Ē  Ēa'ko …ĺo' Ēon,wala ako …ĺoon
 Ēi'saŇč ' Ēaso  ĒaŇč nasa…°asa' Ēan naŇč 't…ĺak, ĒisaŇč aso aŇč nasa…°asaan Ňč t…ĺak
sa'bihin mo sa la'hat na  Ēu Ēu'i Ē na  Ēa'ko,sabihin mo sa lahat na uuwi na ako
di Ē 'baŇč na…°ta'…°al si'la sa 'bajan,di baŇč na…°ta…°al sila sa bajan?
tumak'bo si'a,tumakbo sija
'bakit mo  Ēa'ko pina…°sususpe'tÕ° Éahan,bakit mo ako pina…°sususpetsahan?
hu'a…° mo ka'miŇč tawa'…°an ka'mi  ĒaŇč ta'tawa…° sa'jo,huwa…° mo kamiŇč tawa…°an kami aŇč tatawa…° sa'jo
hin'di Ē masa'…ĺap  ĒaŇč 'p…ĺutas na  Ēi'to,hindi masa…ĺap aŇč p…ĺutas na ito
pa' Ēano ka naka'pasok sa 'kwa…ĺto,paano ka nakapasok sa kwa…ĺto?
'dapat  Ēi'tapon 'natin  ĒaŇč …°an'jaŇč  Ēi'dejaŇč  Ēitinak'da Ē,dapat itapon natin aŇč …°a…≤aŇč idejaŇč itinakda
hinihi'Ňčal si'a,hinihiŇčal sija
na…°simu'laŇč ma…°t…ĺa'baho  ĒaŇč kan'jaŇč  Ēa'sawa 'dahil sa paŇčaŇča Ēi'laŇčan,na…°simulaŇč ma…°t…ĺabaho aŇč ka…≤aŇč asawa dahil sa paŇčaŇčailaŇčan
ja'kapin mo si 'tom,jakapin mo si tom
na…°sasali'ta Ē  ĒaŇč la'hat sa sansinu'kob wa'laŇč 'ba…°aj na di Ē maj…ĺo' Ēon naŇč sa'…ĺiliŇč 'wika Ē,na…°sasalita aŇč lahat sa sansinukob; walaŇč ba…°aj na di maj…ĺoon Ňč sa…ĺiliŇč wika
kuŇč  Ēa'ko sa'jo ma…° Ēa Ēap'lay  Ēa'ko sa t…ĺa'baho,kuŇč ako sa'jo ma…°-aaplj ako sa t…ĺabaho
 Ēa'…ĺej mala'kiŇč 'mapa naŇč  Ēale'manja, Ēa…ĺe'j malakiŇč mapa Ňč alema…≤a
nasa' Ēan 'juŇč lib'…ĺo,nasaan juŇč lib…ĺo?
nani'…ĺahan  Ēa'ko sa 'tÕ° Éina sa lo' Ēob naŇč ' Ēanim na bu'an,nani…ĺahan ako sa tsina sa loob Ňč anim na buwan
tini'ti…°an ni'a  ĒaŇč kan'jaŇč ma'Ňča ku'ko,tiniti…°an nija aŇč ka…≤aŇč m…°a kuko
su'e…ĺte 'lamaŇč na na'kita ko i'toŇč lib'…ĺo sa tin'dahan naŇč ma'Ňča 'lumaŇč lib'…ĺo,suwe…ĺte lamaŇč na nakita ko itoŇč lib…ĺo sa tindahan Ňč m…°a lumaŇč lib…ĺo
'sinoŇč ma…°sasali'ta Ē Ňča'joŇč …°a'bi,sinoŇč ma…°sasalita ŇčajoŇč …°abi?
ma Ēa' Ēa…ĺi Ē 'baŇč maha'wa Ē  ĒaŇč i'baŇč 'ta Ēo,maaa…ĺi baŇč mahawa aŇč ibaŇč tao?
naŇči'baŇč ban'sa Ē ka na ba,naŇčibaŇč bansa ka na ba?
ma…°an'daŇč  Ēu'ma…°a ' Ēo…ĺas naŇč …°u'misiŇč,ma…°andaŇč uma…°a o…ĺas naŇč …°umisiŇč
hu'a…° tu'mapak sa damu'han,huwa…° tumapak sa damuhan!
nakipa…°kama'jan  Ēa'ko sa kani'a,nakipa…°kamajan ako sa kanija
 Ēi'saŇč 'noldo ba  ĒaŇč 'nasa  Ēi'lalim naŇč 'puno Ē, ĒisaŇč noldo ba aŇč nasa ilalim Ňč puno?
hin'di Ē kuma'ka Ēin naŇč ka…ĺ'ne ' Ēo  Ēit'lo…° si 'tom,hindi kumakain Ňč ka…ĺne o itlo…° si tom
' Ēeto  ĒaŇč 'bataŇč la'laki, Ēeto aŇč bataŇč lalaki
pu'nan  ĒaŇč 'po…ĺm …°a'mit  ĒaŇč  Ēi'saŇč 'bolpen,punan aŇč po…ĺm …°amit aŇč isaŇč bolpen
ma'…ĺami tala'…°aŇč 'jelo no' ĒoŇč nakali'pas na ta' Ēon,ma…ĺami tala…°aŇč jelo nooŇč nakalipas na taon
'sinoŇč 'mas ma…°a'liŇč lumi'pad  Ēi'saŇč 'laŇčaw ' Ēo  Ēi'saŇč pi'loto,sinoŇč mas ma…°aliŇč lumipadňĆ isaŇč laŇčaw o isaŇč piloto?
sinu'latan ko si'a ' Ēa…ĺaw' Ēa…ĺaw,sinulatan ko sija a…ĺaw-a…ĺaw
maj…ĺo' ĒoŇč 'ba…°oŇč 'kotÕ° Ée  ĒaŇč ' ĒakiŇč  Ēa'ma,maj…ĺooŇč ba…°oŇč kotse aŇč akiŇč ama
'mas matan'da Ē  Ēa'ko,mas matanda ako
mas'jadoŇč maba' Ēit si 'kjoko 'pa…ĺa bu'hatin  ĒaŇč ba'…°ahe ko 'pa…ĺa sa ' Ēakin,ma ÉadoŇč mabait si kjoko pa…ĺa buhatin aŇč ba…°ahe ko pa…ĺa sa akin
' ĒunaŇč 'beses mo ba  Ēi'to sa ha'pon, ĒunaŇč beses mo ba ito sa hapon?
 Ēina'…ĺesto si 'tom  Ēu'ma…°a naŇč 'lunes, Ēina…ĺesto si tom uma…°a Ňč lunes
simu'lan  ĒaŇč pa…°kan'ta,simulan aŇč pa…°kanta
 ĒaŇč ha'pon  Ēaj mala'maŇč na kila'lanin sa '…°…ĺupo ni'laŇč pinaŇč…°a…°a'liŇčan, ĒaŇč hapon aj malamaŇč na kilalanin sa …°…ĺupo nilaŇč pinaŇč…°a…°aliŇčan
maj sa'kit  ĒaŇč 'lolo ko,maj sakit aŇč lolo ko
pa'bo…ĺ si'la sa 'plano mo,pabo…ĺ sila sa plano mo
 ĒaŇč 'baho Ē naŇč sa'patos mo, ĒaŇč baho Ňč sapatos mo
 ĒaŇč ma'Ňča  Ēa'sal ni'a  Ēaj hin'di Ē 'tulad naŇč  Ēi'saŇč ba'ba Ēe, ĒaŇč m…°a asal nija aj hindi tulad Ňč isaŇč babae
ma'babaw pa nakaka'tapak pa  Ēa'ko sa  Ēi'lalim ma'babaw  ĒaŇč dalampa'si…°aŇč  Ēi'to jo'tsuba na Ēa Ēa'pakan mo pa  ĒaŇč  Ēi'lalim hin'di Ē ba,"""mababaw pa nakakatapak pa ako sa ilalim"" ""mababaw aŇč dalampasi…°aŇč ito jotsubaňĆ naaapakan mo pa aŇč ilalimňĆ hindi ba?"""
maj ' Ēaso si'a,maj aso sija
pu'no Ē  Ēi'on,puno ijon
papun'taŇč 'finland  ĒaŇč ba…ĺ'ko,papuntaŇč finland aŇč ba…ĺko
hin'di Ē  Ēa'ko ma…°ba'ba…°o,hindi ako ma…°baba…°o
'sa…°iŇč  Ēa'ko,sa…°iŇč ako
si…ĺa' Ēin mo  ĒaŇč naňĆkaka'si…ĺa Ē sa  Ēi'o,si…ĺain mo aŇč nakakasi…ĺa sa ijo
' Ēo…ĺas la'maŇč  ĒaŇč ma…°sasa'bi, Ēo…ĺas lamaŇč aŇč ma…°sasabi
'tila maj hin'di Ē na…°ka Ēintindi'han,tila maj hindi na…°kaintindihan
'dati naŇč nahu'li si 'betti 'dahil sa pa…°na'nakaw,dati naŇč nahuli si bettj dahil sa pa…°nanakaw
mamama'taj ba  Ēa'ko hin'di Ē ma…°papahi'Ňča ka,"""mamamataj ba ako?"" ""hindiňĆ ma…°papahiŇča ka"""
na…°sa'jaw si'la,na…°sajaw sila
 ĒaŇč 'dami 'koŇč hin'di Ē na…°ustu'han sa pe'likulaŇč  Ēi'on, ĒaŇč dami koŇč hindi na…°ustuhan sa pelikulaŇč ijon
maj  Ēak'lat ba sa  Ēi'babaw naŇč 'mesa,maj aklat ba sa ibabaw Ňč mesa?
ma'…ĺamiŇč sa'lamat sa 'tuloŇč,ma…ĺamiŇč salamat sa tuloŇč
'na Ēis 'koŇč ma…°ba'sa Ē,nais koŇč ma…°basa
ka Ēi'laŇčan moŇč bu'maŇčon naŇč  Ēa'las se' Ēis,kailaŇčan moŇč bumaŇčon naŇč alas seis
nasu'no…°,nasuno…°
maj konek'sjon  ĒaŇč la'hat,maj konek Éon aŇč lahat
 Ēu'lan  Ēu'lan lu'majas ka, ĒulanňĆ ulanňĆ lumajas ka!
ma…°da'la naŇč pa…°'ka Ēin,ma…°dala Ňč pa…°kain
maj da'lawaŇč kundi' Éon  Ēa'ko,maj dalawaŇč kundi Éon ako
wa'laŇč na…°bi'…°aj sa ' Ēakin ni'an,walaŇč na…°bi…°aj sa akin nijan
wa'laŇč sa'bon,walaŇč sabon
madi'lim ka'ja Ē tiŇč'nan  ĒaŇč dinada' Ēanan,madilimňĆ kaja tiŇčnan aŇč dinadaanan
maj ma…°a…°an'daŇč  Ēa…ĺkitek'tu…ĺa  ĒaŇč ma'Ňča da'juhaŇč ban'sa Ē,maj ma…°a…°andaŇč a…ĺkitektu…ĺa aŇč m…°a dajuhaŇč bansa
…°u'mana ju' Ēon,…°umana joon
maput'laŇč  Ēa'sul na ku…ĺ'bata  ĒaŇč sinu' Ēot ni'a,maputlaŇč asul na ku…ĺbata aŇč sinuot nija
mabu'lok ka sa  Ēimpi'e…ĺno,mabulok ka sa impije…ĺno!
dalawam'puŇč paŇč'kat  ĒaŇč pu'masok sa to…ĺ'neo,dalawampuŇč paŇčkat aŇč pumasok sa to…ĺneo
pa…°ka'tapos naŇč ma' Ēinit na pana'hon na'…°iŇč mala'mi…°,pa…°katapos Ňč mainit na panahonňĆ na…°iŇč malami…°
'la…°iŇč ma…°an'da  ĒaŇč sina'sabi tuŇč'kol kaj 'tom,la…°iŇč ma…°anda aŇč sinasabi tuŇčkol kaj tom
namu'lok na  Ēi'toŇč 'sa…°iŇč,namulok na itoŇč sa…°iŇč
tiŇč'nan mo  ĒaŇč …°ina'wa Ē ko,tiŇčnan mo aŇč …°inawa ko
na…°ta'pos  ĒaŇč di…°'ma Ēan sa ta…°um'paj 'pa…ĺa sa  Ēa'lajd 'pawe…ĺs,na…°tapos aŇč di…°maan sa ta…°umpaj pa…ĺa sa allied powe…ĺs
papata'jin si'a naŇč ' Ēamo ni'a,papatajin sija Ňč amo nija
 Ēa…°'ham naŇč sansinu'kob  ĒaŇč  Ēast…ĺono'mia, Ēa…°ham Ňč sansinukob aŇč ast…ĺonomija
tata'wa…°an  Ēu'li Ē ki'ta,tatawa…°an uli kita
kuŇč 'mas posi'tibo 'laŇč si 'tom si'…°u…ĺo 'mas maňĆ…°u…°ustu'han si'a naŇč ma'Ňča 'ta Ēo,kuŇč mas positibo laŇč si tomňĆ si…°u…ĺo mas ma…°u…°ustuhan sija Ňč m…°a tao
naŇč Ēis'da Ē ka'mi sa 'lawa Ē,naŇčisda kami sa lawa
bina'lik ni 'tom  ĒaŇč da'mit 'kasi masi'jado i'toŇč mali' Ēit,binalik ni tom aŇč damit kasi masijado itoŇč maliit
taŇč'hali Ē na ka'ja Ē pata'jin mo  ĒaŇč telebis'jon,taŇčhali naňĆ kaja patajin mo aŇč telebi Éon
'dito ta'jo Ē ku'ma Ēin,dito tajo kumain
nasa' Ēan na 'juŇč  Ēi'ba 'paŇč 'fajlz,nasaan na juŇč iba paŇč files?
hu'a…° 'natiŇč pabaja' ĒaŇč mawa'la Ē sa ' Ēatin  ĒaŇč pa…°kakata' ĒoŇč  Ēi'to,huwa…° natiŇč pabajaaŇč mawala sa atin aŇč pa…°kakataoŇč ito
 Ēuma'lis si'a naŇč hin'di Ē na…°papa Ēa'lam, Ēumalis sija naŇč hindi na…°papaalam
hin'di Ē mo ki'lala  ĒaŇč ma'Ňča ňĆkapit'bahaj mo di'ba,hindi mo kilala aŇč m…°a kapitbahaj moňĆ 'diba?
pina…°haha'hanap si'a naŇč ma'Ňča pu'lis,pina…°hahahanap sija Ňč m…°a pulis
'f…ĺits  ĒaŇč pa'Ňčalan naŇč 'tataj ko,f…ĺitz aŇč paŇčalan Ňč tataj ko
na…°bi'lad si'la sa ' Ēa…ĺaw,na…°bilad sila sa a…ĺaw
si 'tom ' Ēaj ma'talik na ka Ēi'bi…°an ni 'me…ĺi,si tom aj matalik na kaibi…°an ni ma…ĺj
 Ēa'noŇč pa'Ňčalan ni'toŇč 'p…ĺutas, ĒanoŇč paŇčalan nitoŇč p…ĺutas?
lumi'pad  ĒaŇč  Ēi'saŇč bu'bujo…° pala'bas naŇč bin'tana Ē,lumipad aŇč isaŇč bubujo…° palabas Ňč bintana
hu'a…° …°uma'wa Ē naŇč ' ĒiŇčaj sa lo' Ēob naŇč silid Ēakla'tan,huwa…° …°umawa Ňč iŇčaj sa loob Ňč silid-aklatan
ma…°a…°a'wa Ē ko  Ēi'an naŇč ma…° Ēi'sa,ma…°a…°awa ko ijan naŇč ma…°-isa
wa'la Ē  Ēa'ko sa ' ĒakiŇč katinu' Ēan na …°uma'wa Ē naŇč tak'daŇč  Ēa…ĺa'lin,wala ako sa akiŇč katinuan na …°umawa Ňč takdaŇč a…ĺalin
'bakit,bakit?
ku'muha ka ba naŇč 'pe…ĺa sa ' Ēakin ' Ēo Ēo  Ēo hin'di Ē,kumuha ka ba Ňč pe…ĺa sa akinňĆ oo o hindi?
 Ēa'ko  Ēaj pu'punta do' Ēon, Ēako aj pupunta doon
tala'…°aŇč 'bisi si'a bu' ĒoŇč ' Ēa…ĺaw,tala…°aŇč bisi sija buoŇč a…ĺaw
pa'taj na si'la,pataj na sila
sa tin'dahaŇč  Ēi'to na…°be'benta ka'mi naŇč 'kahit  Ēa'no,sa tindahaŇč itoňĆ na…°bebenta kami Ňč kahit ano
hin'di Ē  Ēa'ko na…°mumuk'mok,hindi ako na…°mumukmok
na…°pu'jat si'laŇč 'lejt naŇč na…°dadaldal'an,na…°pujat silaŇč lejt naŇč na…°dadaldalan
 Ēi'lan  ĒaŇč ma'Ňča 'kulaj, Ēilan aŇč m…°a kulaj?
ma'hili…° ma…°ba'sa  ĒaŇč 'lolo ko,mahili…° ma…°basa aŇč lolo ko
ma'…ĺapat  ĒaŇč imben' Éon ni'a naŇč  Ēatensi'on,ma…ĺapat aŇč imbensijon nija Ňč atensijon
…°a' Ēano kada'las mo si'aŇč naki'kita,…°aano kadalas mo sijaŇč nakikita?
 Ēa'lam ko  Ēa'noŇč …°ina'wa Ē ni 'tom, Ēalam ko anoŇč …°inawa ni tom
na…° Ēi Ēi'ba  ĒaŇč da Ēi…°'di…° naŇč pabi'lis naŇč pabi'lis,na…°-iiba aŇč dai…°di…° naŇč pabilis naŇč pabilis
napakasa'…ĺap,napakasa…ĺap!
'…°usto 'namin  ĒaŇč ma'Ňča pik'nik,…°usto namin aŇč m…°a piknik
'me…ĺon 'baŇč 'sa…°iŇč,me…ĺon baŇč sa…°iŇč?
na…°bi'his ba'ba Ēe si'a,na…°bihis babae sija
mada'liŇč mabu'hol  ĒaŇč si'nulid na  Ēi'to,madaliŇč mabuhol aŇč sinulid na ito
kuŇč saka'liŇč  Ēa' Ēalis ka 'ba…°o ma…°' Ēalas 'siŇčko sa'bihin mo sa ' Ēakin,kuŇč sakaliŇč aalis ka ba…°o ma…°-alas siŇčkoňĆ sabihin mo sa akin
pu'no Ē naŇč  Ēak'lat i'toŇč ka'hon,puno Ňč aklat itoŇč kahon
ma'husaj ma…°la'…ĺo Ē naŇč …°i'ta…ĺa  ĒaŇč ' ĒakiŇč ' Ēate,mahusaj ma…°la…ĺo Ňč …°ita…ĺa aŇč akiŇč ate
 Ēa'lam na ni 'tom na sinak'tan ni'a si 'me…ĺi, Ēalam na ni tom na sinaktan nija si ma…ĺj
'na Ēis 'koŇč ma'…°iŇč no…ĺ'mal  Ēu'lit  ĒaŇč la'hat,nais koŇč ma…°iŇč no…ĺmal ulit aŇč lahat
 ĒaŇč kabi'se…ĺa naŇč 'haŇč…°…ô…ĺi  Ēaj 'budapest, ĒaŇč kabise…ĺa Ňč huŇča…ĺj aj budapest
ki'lala naŇč ma'…ĺamiŇč 'ta Ēo  ĒaŇč muk'ha Ē ni'a,kilala Ňč ma…ĺamiŇč tao aŇč mukha nija
nana'tili  ĒaŇč la'hat,nanatili aŇč lahat
 Ēa'no Ēa'no  ĒaŇč ma ĒimumuŇč'kahi Ē 'pa…ĺa  Ēi'wasan  ĒaŇč pa…°hihi'lik, Ēano-ano aŇč maimumuŇčkahi pa…ĺa iwasan aŇč pa…°hihilik?
 Ēuma' Ēasa si'aŇč bumi'sita sa 'pa…ĺis, Ēumaasa sijaŇč bumisita sa pa…ĺis
sa'bihin mo kaj 'tom kuŇč  Ēa'no  ĒaŇč  Ēi'joŇč na…ĺi'ni…°,sabihin mo kaj tom kuŇč ano aŇč ijoŇč na…ĺini…°
hin'di Ē mo ma Ēa' Ēa…ĺiŇč tali'ku…ĺan  ĒaŇč  Ēi'joŇč tuŇč'kulin,hindi mo maaa…ĺiŇč taliku…ĺan aŇč ijoŇč tuŇčkulin
natu'tunan ni 'ben  ĒaŇč pa…°…°a'wa Ē naŇč  Ēa'poj na hin'di Ē …°a'mit  ĒaŇč 'pospo…ĺo,natutunan ni ben aŇč pa…°…°awa Ňč apoj na hindi …°amit aŇč pospo…ĺo
hin'di Ē ko  Ēi'on kasa'lanan,hindi ko ijon kasalanan
'paŇčit  ĒaŇč ma'Ňča 'Ňčipin naŇč 'bataŇč la'laki 'dahil hin'di Ē ni'a si'la sinisipilju'han,paŇčit aŇč m…°a Ňčipin Ňč bataŇč lalaki dahil hindi nija sila sinisipiljuhan
wa'laŇč 'duda,walaŇč duda
mada'li Ē  Ēi'to,madali ito
…°us'to ko na  Ēu'mawit ka naŇč  Ēi'saŇč ' Ēawit,…°usto ko na umawit ka Ňč isaŇč awit
na…° Ēa' Ēa…ĺal  Ēa'koŇč ma…°sali'ta Ē naŇč fili'pino,na…°-aa…ĺal akoŇč ma…°salita Ňč filipino
'mas mata' Ēas ka naŇč kala'hatiŇč ' Ēulo kaj'sa sa ' Ēakin,mas mataas ka naŇč kalahatiŇč ulo kajsa sa akin
bina'basa ko  ĒaŇč  Ēak'lat na  Ēi'to,binabasa ko aŇč aklat na ito
'bakit ka'ja Ē …°us'to 'moŇč …°a'win  ĒaŇč ma'Ňča …°an'jaŇč 'ba…°aj,bakit kaja …°usto moŇč …°awin aŇč m…°a …°a…≤aŇč ba…°aj?
pa…°'ka maj naŇč'ja…ĺi pa…°binta'Ňčan  ĒaŇč ta…°a'salin,pa…°ka maj naŇčja…ĺiňĆ pa…°bintaŇčan aŇč ta…°asalin
na'sa Ē 'boston  Ēa'ko sa da…ĺa'tiŇč na liŇč'…°o,nasa boston ako sa da…ĺatiŇč na liŇč…°o
 Ēu'haw  Ēa'ko, Ēuhaw ako
hin'di Ē si'la tumak'bo,hindi sila tumakbo
hi'…°it naŇč pi'toŇč mil'jon  ĒaŇč na…°sasali'ta Ē naŇč p…ĺan'ses naŇč ke'bek,hi…°it naŇč pitoŇč miljon aŇč na…°sasalita Ňč p…ĺanses Ňč kuebek
' ĒunaŇč 'beses 'koŇč ma…°da'sal sa 'moske, ĒunaŇč beses koŇč ma…°dasal sa moske
kajumaŇč'…°i  ĒaŇč ti'napaj,kajumaŇč…°i aŇč tinapaj
pa'puntaŇč 'pa…ĺis  Ēa'ko sa o'tonyo,papuntaŇč pa…ĺis ako sa oto…≤o
ma'hi…ĺap  Ēi'to,mahi…ĺap ito
'dapat  Ēia'djast mo  ĒaŇč 'klak hu'li si'a,dapat iadjast mo aŇč klak huli sija
'bawal  Ēi'to sa ka…ĺa'mihan naŇč ma'Ňča ban'sa Ē,bawal ito sa ka…ĺamihan Ňč m…°a bansa
na Ēa Ēa'lala ko  ĒaŇč masasa'ja 'koŇč ' Ēa…ĺaw ka'pa…° naki'kita ko  Ēi'toŇč lit'…ĺato na  Ēi'to,naaalala ko aŇč masasaja koŇč a…ĺaw kapa…° nakikita ko itoŇč lit…ĺato na ito
bibi'li  Ēa'ko naŇč 'kame…ĺa 'pa…ĺa sa  Ēa'nak 'koŇč ba'ba Ēe,bibili ako Ňč kame…ĺa pa…ĺa sa anak koŇč babae
 Ēi'on  Ēaj kababala…°'haŇč 'nume…ĺo, Ēijon aj kababala…°haŇč nume…ĺo
 Ēa'lam 'koŇč na…°sinuŇča'liŇč si 'tom, Ēalam koŇč na…°sinuŇčaliŇč si tom
pinaŇča'lanan ni'laŇč 'tom  Ēat 'dÕ° íe…ĺi  ĒaŇč kani'laŇč ma'Ňča 'pusa Ē,pinaŇčalanan nilaŇč tom at dÕ° íe…ĺ…ĺj aŇč kanilaŇč m…°a pusa
ma…°a'liŇč si'aŇč ma…°'tenis,ma…°aliŇč sijaŇč ma…°tenis
maj 'sa…°iŇč 'tajo,maj sa…°iŇč tajo
'sino,sino?
pa' Ēano  ĒaŇč pa…°baj'baj mo naŇč 'p…ĺiti,"paano aŇč pa…°bajbaj mo Ňč ""p…ĺettj""?"
hin'di Ē ni'la  Ēa'ko paniniwa'la Ēan 'kahit manum'pa Ē  Ēa'ko na toto' Ēo  Ēi'to,hindi nila ako paniniwalaan kahit manumpa ako na totoo ito
ma…°ba'bajad si 'tom sa …°ina'wa Ē ni'a,ma…°babajad si tom sa …°inawa nija
 ĒaŇč da' Ēan na  Ēi'to  Ēaj ma…°dada'la sa  Ēi'o pa'tuŇčo sa 'sent…ĺo naŇč 'bajan, ĒaŇč daan na ito aj ma…°dadala sa ijo patuŇčo sa sent…ĺo Ňč bajan
…°a'win mo na  ĒaŇč tak'daŇč Ēa…ĺa'lin mo,…°awin mo na aŇč takdaŇč-a…ĺalin mo
hin'di Ē ko hinihi'Ňči Ē  ĒaŇč kani'laŇč ma'Ňča  Ēopin'jon,hindi ko hinihiŇči aŇč kanilaŇč m…°a opi…≤on
 Ēa'noŇč maŇčja'ja…ĺi, ĒanoŇč maŇčjaja…ĺi?
'pa…ĺaŇč ňĆkaka Ēi'ba kuŇč tutu' Ēusin,pa…ĺaŇč kakaibaňĆ kuŇč tutuusin
 ĒaŇč pe'likulaŇč  Ēi'an  Ēaj 'pa…ĺa sa ma'Ňča 'bata Ē, ĒaŇč pelikulaŇč ijan aj pa…ĺa sa m…°a bata
 Ēitinu'tu…ĺo  ĒaŇč tÕ° Éaj'nis 'bilaŇč  Ēika'lawaŇč pamban'saŇč 'wika Ē sa siŇč…°a'po…ĺ, Ēitinutu…ĺo aŇč tÕ° Éinese bilaŇč ikalawaŇč pambansaŇč wika sa siŇčapo…ĺe
pa' Ēano sina'sabi  ĒaŇč man'sanas sa 'wika Ē mo,"paano sinasabi aŇč ""mansanas"" sa wika mo?"
tao'ista ka ba,taoista ka ba?
hin'di Ē ko sina'sabiŇč ma…° Ēi'sa 'kaŇč ma…°pun'ta,hindi ko sinasabiŇč ma…°-isa kaŇč ma…°punta
hin'di Ē ko masa'sabiŇč na'…°ulat  Ēa'ko,hindi ko masasabiŇč na…°ulat ako
tumi'…°il  ĒaŇč 'bas ' ĒupaŇč ma…°pasa'kaj naŇč pasa'he…ĺo,tumi…°il aŇč bus upaŇč ma…°pasakaj Ňč pasahe…ĺo
pinahin'taj  Ēa'ko,pinahintaj ako
mali'…°ajaŇč pa…°da'tiŇč sa tato'eba,mali…°ajaŇč pa…°datiŇč sa tatoeba
' Ēajaw na ni'jaŇč pa…° Ēu'sapan pa tuŇč'kol do' Ēon, Ēajaw na nijaŇč pa…°-usapan pa tuŇčkol doon
ka Ēun'ti Ē na  ĒaŇč ' Ēo…ĺas 'natin,kaunti na aŇč o…ĺas natin
maj ma'ta si'a 'pa…ĺa sa ka…°an'dahan,maj mata sija pa…ĺa sa ka…°andahan
tinata'…°o Ē ni'a  ĒaŇč kasama' Ēan ni'a sa li'kod naŇč ma'Ňča Ňči'ti Ē,tinata…°o nija aŇč kasamaan nija sa likod Ňč m…°a Ňčiti
'halos ňĆhatiŇč…°a'bi na 'dito,halos hatiŇč…°abi na dito
maj  Ēi'saŇč  Ēi'tim na 'pusa Ē si 'tom,maj isaŇč itim na pusa si tom
 Ēi'sa  Ēi'an sa pinaka Ēeksklu'siboŇč ' Ēad…ĺes sa luŇč'sod, Ēisa ijan sa pinakaeksklusiboŇč ad…ĺes sa luŇčsod
 ĒaŇč 'sabi mo '…°ustoŇč'…°usto mo tala'…°a ma…ĺi'ni…°  ĒaŇč katoto'hanan, ĒaŇč sabi moňĆ …°ustoŇč-…°usto mo tala…°a ma…ĺini…° aŇč katotohanan
mala'mi…° i'toŇč diŇč'diŇč,malami…° itoŇč diŇčdiŇč
ma…°da'la ka'jo naŇč pa…°'ka Ēin,ma…°dala kajo Ňč pa…°kain
dala'waŇč ta' Ēon na  ĒaŇč naka…ĺa' Ēan sa'pul naŇč  Ēi'wanan ni'a  Ēa'ko,dalawaŇč taon na aŇč naka…ĺaan sapul naŇč iwanan nija ako
paki Ēa'bot 'Ňča naŇč  Ēa'sin,pakiabot Ňča Ňč asin?
hin'di Ē ni'a ka Ēi'laŇčaŇč ma…°t…ĺa'baho,hindi nija kailaŇčaŇč ma…°t…ĺabaho
 Ēi'sa dala'wa tat'lo ' Ēapat li'ma ' Ēanim pi'to wa'lo si'am sam'pu Ē, ĒisaňĆ dalawaňĆ tatloňĆ apatňĆ limaňĆ animňĆ pitoňĆ waloňĆ sijamňĆ sampu
na…°pla'plano  ĒaŇč 'ta Ēo 'pe…ĺo  ĒaŇč ma'Ňča di'os  ĒaŇč na…°didisi'sjon,na…°plaplano aŇč taoňĆ pe…ĺo aŇč m…°a dijos aŇč na…°didisi Éon
sa ma'lajo 'pa…ĺaŇč 'lumaŇč kas'tiljo  ĒaŇč mala'kiŇč ba'to,sa malajoňĆ pa…ĺaŇč lumaŇč kastiljo aŇč malakiŇč bato
 Ēu'ma…ĺteŇč masa'ja si to'mas 'pe…ĺo sa kala'liman ni'a maluŇč'kot si'a, Ēuma…ĺteŇč masaja si tomasňĆ pe…ĺo sa kalaliman nijaňĆ maluŇčkot sija
 Ēi'laŇč k…ĺomo'soma 'me…ĺon  ĒaŇč ta' Ēo, ĒilaŇč k…ĺomosoma me…ĺon aŇč tao?
'kahit  Ēa'noŇč la'…ĺo Ē  ĒaŇč nilala'…ĺo Ē ni'a pa'la…°i Ē si'aŇč nana'nalo,kahit anoŇč la…ĺo aŇč nilala…ĺo nijaňĆ pala…°i sijaŇč nananalo
humi'…°a Ē si'a naŇč …°a'nap na paha'ba Ē sa da'mo,humi…°a sija naŇč …°anap na pahaba sa damo
'nasa ku'sina si 'tom,nasa kusina si tom
tiniŇč'nan 'namin  ĒaŇč 'laŇčit 'Ňčunit wa'laŇč ma'Ňča bitu' Ēin,tini…°nan namin aŇč laŇčit Ňčunit walaŇč m…°a bituin
ba'…°alan mo  ĒaŇč  Ēi'oŇč pa…°'lakad,ba…°alan mo aŇč ijoŇč pa…°lakad
na…°sasali'ta Ē ba ka'jo naŇč  Ēital'jano,na…°sasalita ba kajo Ňč italjano?
hin'di Ē na ni'a minantikilja'han  ĒaŇč  Ēi'babaw naŇč su'no…° na ti'napaj,hindi na nija minantikiljahan aŇč ibabaw Ňč suno…° na tinapaj
na'…°ulat si'la sa ba'lita Ē,na…°ulat sila sa balita
tiŇč'nan mo  ĒaŇč la'ki naŇč 'ba…°aj na 'jan,tiŇčnan mo aŇč laki Ňč ba…°aj na 'jan!
kina' Ēusap ni 'tom  ĒaŇč ma'Ňča ňĆkapit'bahaj ni 'me…ĺi  Ēat sa kani'laj na…°ta'noŇč kuŇč  Ēa'lam ni'la kuŇč sa' Ēan si'a pumun'ta,kinausap ni tom aŇč m…°a kapitbahaj ni ma…ĺj at sa kanila'j na…°tanoŇč kuŇč alam nila kuŇč saan sija pumunta
talu'nin 'natin  ĒaŇč ha'pon,talunin natin aŇč hapon!
wa'laŇč mawawa'la Ē sa ' Ēakin,walaŇč mawawala sa akin
ma Ēu'po Ē ka,maupo ka
ma'tuto ka mu'la sa pa…°kakama'li Ē naŇč  Ēi'ba,matuto ka mula sa pa…°kakamali Ňč iba
 ĒaŇč 'baho Ē mo mas'jado, ĒaŇč baho mo ma Éado
 Ēa'noŇč ' Ēo…ĺas ka bu'maŇčon, ĒanoŇč o…ĺas ka bumaŇčon?
kuŇč maj 'pe…ĺa ka di'an 'kahit ma…°'kano pahi…ĺa'min mo ko paki' Ēusap,kuŇč maj pe…ĺa ka dijanňĆ kahit ma…°kanoňĆ pahi…ĺamin mo ko pakiusap
di Ē ko 'jun mahuhula' Ēan,di ko jun mahuhulaan
…°us'to mo naŇč 'p…ĺutas,…°usto mo Ňč p…ĺutas
'na Ēis 'natiŇč la'hat  ĒaŇč kapaja'pa Ēan,nais natiŇč lahat aŇč kapajapaan
binaba'ba Ē ni to'mas  ĒaŇč tu'no…° naŇč '…ĺadjo,binababa ni tomas aŇč tuno…° Ňč …ĺadjo
ma…°' Ēa…ĺal 'kaŇč ma'buti,ma…°-a…ĺal kaŇč mabuti
 Ēumi'ak 'juŇč 'bata Ē naŇč  Ēi'laŇč ' Ēo…ĺas, Ēumijak juŇč bata naŇč ilaŇč o…ĺas
hin'di Ē  Ēa'ko sumi'…°aw,hindi ako sumi…°aw
'na Ēis 'koŇč ' Ēiwan sa kan'ja  ĒaŇč ma'hi…ĺap na t…ĺa'bahoŇč  Ēi'to,nais koŇč iwan sa ka…≤a aŇč mahi…ĺap na t…ĺabahoŇč ito
ka Ēi'bi…°an ka ni to'mas di ba,kaibi…°an ka ni tomasňĆ di ba?
' Ēajaw 'koŇč ma…°'luto Ē naŇč ha'punan 'pa…ĺa sa dalawam'puŇč 'ta Ēo, Ēajaw koŇč ma…°luto Ňč hapunan pa…ĺa sa dalawampuŇč tao
hin'di Ē  Ēa'ko 'pwede Ňča'jon,hindi ako pwede Ňčajon
ma…°a' Ēan na taŇčha'li Ēan sa mak'do ka'pe sa  Ēis'ta…ĺbak pa…°ka'tapos  Ēaj  Ēi'laŇč  Ēinu'min naŇč maj ňĆ Éabu' Éabu …°ano' Ēon  ĒaŇč naŇč'ja…ĺi,ma…°aan na taŇčhalian sa makdoňĆ kape sa ista…ĺbakňĆ pa…°katapos aj ilaŇč inumin naŇč maj shabu-shabu …°anoon aŇč naŇčja…ĺi
 Ēu Ēu'po Ē ka 'lamaŇč 'dito, Ēuupo ka lamaŇč dito
ba'sa Ē  ĒaŇč ma'Ňča ' Ēaso,basa aŇč m…°a aso
ka Ēi'laŇčan moŇč pumun'ta naŇč ma…° Ēi'sa,kailaŇčan moŇč pumunta naŇč ma…°-isa
 Ēa'ko  Ēaj bumi'bilaŇč haŇč'…°aŇč sam'pu Ē, Ēako aj bumibilaŇč haŇč…°aŇč sampu
naki'ta ko  ĒaŇč hina'hanap ko,nakita ko aŇč hinahanap ko
nami'mis ko na si'a,namimiss ko na sija
pa' Ēano ko ma Ēa Ēala'man,paano ko maaalaman?
nataŇč'…°ap ko  ĒaŇč …ĺe'…°alo 'pa…ĺa sa ' ĒakiŇč ka Ēa…ĺa'wan,nataŇč…°ap ko aŇč …ĺe…°alo pa…ĺa sa akiŇč kaa…ĺawan
'pwede moŇč ka' Ēinin  ĒaŇč natiti'…ĺaŇč 'paj,pwede moŇč kainin aŇč natiti…ĺaŇč paj
…°u'misiŇč ka'jo,…°umisiŇč kajo!
natatak'pan naŇč 'putik  ĒaŇč ' Ēaso mu'la ' Ēulo haŇč'…°aŇč pa' Ēa,natatakpan Ňč putik aŇč aso mula ulo haŇč…°aŇč paa
si 'tom  Ēaj kumin'dat kaj 'me…ĺi,si tom aj kumindat kaj ma…ĺj
pipindu'tin mo 'lamaŇč i'toŇč bu'tones,pipindutin mo lamaŇč itoŇč butones
 Ēa'noŇč 'lajon naŇč  Ēistak'ma…ĺket, ĒanoŇč lajon Ňč istakma…ĺket?
ma'suŇčit si'a,masuŇčit sija
sa' Ēan  ĒaŇč bili'han,saan aŇč bilihan?
mana'tili sa 'bahaj,manatili sa bahaj
hin'diŇčhin'di Ē ko na si'a maki'kita mu'li Ē,hindiŇč-hindi ko na sija makikita muli
maj…ĺo' Ēon pa 'baŇč  Ēi'baŇč ta'kot,maj…ĺoon pa baŇč ibaŇč tak√≥t?
na Ēu Ēu'haw ka'jo,nauuhaw kajo
…°us'to ko naŇč man'sanas,…°usto ko Ňč mansanas
 Ēi'saŇč kama'lasan  ĒaŇč naŇč'ja…ĺi sa kan'ja, ĒisaŇč kamalasan aŇč naŇčja…ĺi sa ka…≤a
tata'wa…°an ko si'a mama'ja Ē,tatawa…°an ko sija mamaja
 Ēa'noŇč si'nabi ni 'tom tuŇč'kol sa ' Ēakin, ĒanoŇč sinabi ni tom tuŇčkol sa akin?
'finiks  ĒaŇč kabi'se…ĺa naŇč  Ēa…ĺi'zona,phoeniks aŇč kabise…ĺa Ňč a…ĺizona
ma'lapit na si'aŇč …°uma'liŇč,malapit na sijaŇč …°umaliŇč
'kulaŇč  ĒaŇč taŇč'kad ni'a ' ĒupaŇč ma Ēa'bot  ĒaŇč 'kisame,kulaŇč aŇč taŇčkad nija upaŇč maabot aŇč kisame
…°ano' ĒoŇč ka Ēi'nit  ĒaŇč 'tÕ° Éa na di ko ma Ēi'nom,…°anooŇč kainit aŇč tsa na di ko mainom
di Ē si'a 'ta Ēo,di sija tao
sa toto' Ēo 'laŇč kapa'tid ko si'a,sa totoo laŇčňĆ kapatid ko sija
 Ēa'no  Ēu'li Ē, Ēano uli?
…°a'win mo na  Ēi'an  Ēa'…°ad,…°awin mo na ijan a…°ad
ma…°a…°a'wa Ē 'natin  ĒaŇč ano'maŇč ma…°a…°a'wa Ē ni'la,ma…°a…°awa natin aŇč anomaŇč ma…°a…°awa nila
kababa'lik ko la'maŇč '…°aliŇč sa ňĆpa Ēa…ĺa'lan,kababalik ko lamaŇč …°aliŇč sa paa…ĺalan
sa  ĒiŇč…°la'te…ĺa  ĒaŇč 'lejbo…ĺ 'daj  Ēaj …°ina…°a'nap tu'iŇč 'majo,sa iŇčlate…ĺaňĆ aŇč labo…ĺ daj aj …°ina…°anap tuwiŇč majo
natu'tuwa Ē  Ēa'ko sa lit'…ĺato,natutuwa ako sa lit…ĺato
pa…°ka'tapos naŇč  Ēalmu'sal na…°la'kad ka'mi,pa…°katapos Ňč almusalňĆ na…°lakad kami
hin'di Ē  Ēa'ko makapa…°' Ēipon 'dahil wa'la Ē  Ēa'koŇč t…ĺa'baho,hindi ako makapa…°-ipon dahil wala akoŇč t…ĺabaho
wa'laŇč nakati'…ĺa sa 'bahaj na  Ēi'to,walaŇč nakati…ĺa sa bahaj na ito
hin'di Ē ni'a ka Ēi'laŇčan pu'masok sa ba…°'jo,hindi nija kailaŇčan pumasok sa ba…°jo
ma Ēa' Ēa…ĺi Ē  Ēa'koŇč mama'taj bu'kas,maaa…ĺi akoŇč mamataj bukas
'…°usto ko  ĒaŇč la'hat naŇč  Ēi'to,…°usto ko aŇč lahat Ňč ito
nakati'…ĺa si'a sa po' Ēok naŇč  Ēesku'ela,nakati…ĺa sija sa pook Ňč eskuwela
sa 'mismoŇč mi'nutoŇč  Ēi'on tumu…°'to…°  ĒaŇč kan'jaŇč 'selpon,sa mismoŇč minutoŇč ijon tumu…°to…° aŇč ka…≤aŇč selpon
nan'dito '…ĺin si 'tom,nandito …ĺin si tom
tu'mawa  Ēa'ko,tumawa ako
sinulja'pan ni 'tom  ĒaŇč …ĺe'lo ni'a,sinuljapan ni tom aŇč …ĺelo nija
ma'tapaŇč  ĒaŇč 'lasa naŇč ma'Ňča 'suka Ē,matapaŇč aŇč lasa Ňč m…°a suka
ma Ēa' Ēa…ĺi Ē ba ki'taŇč  Ēisto…ĺ'bohin na  Ēisa'…ĺa  ĒaŇč ma'Ňča bin'tana Ē,maaa…ĺi ba kitaŇč isto…ĺbohin na isa…ĺa aŇč m…°a bintana?
bu'la…° si 'tom no' Ēon,bula…° si tom noon
sun'dan ka'mi,sundan kami
ma…°lu'luto Ē  ĒaŇč 'tataj ko naŇč  Ēi'saŇč masa'…ĺap na pa…°'ka Ēin 'bukas naŇč  Ēu'ma…°a,ma…°luluto aŇč tataj ko Ňč isaŇč masa…ĺap na pa…°kain bukas naŇč uma…°a
 Ēa'lam 'koŇč 'kjut si'a, Ēalam koŇč kjut sija
ma…°pa'kuha Ē 'tajo naŇč lit'…ĺato,ma…°pakuha tajo Ňč lit…ĺato
humi'hilik si 'tom,humihilik si tom
ma…°sa'…ĺili mo 'baŇč …°ina'wa Ē  ĒaŇč 'homwo…ĺk mo,ma…°sa…ĺili mo baŇč …°inawa aŇč homewo…ĺk mo?
ma…°a'liŇč ma…°'hapon si …°ino' ĒoŇč 'b…ĺawn,ma…°aliŇč ma…°hapon si …°inooŇč b…ĺown
ka Ēi'lan  ĒaŇč pinakahu'liŇč 'beses na tuma'lon ka sa tu'a Ē,kailan aŇč pinakahuliŇč beses na tumalon ka sa tuwa?
'simple 'laŇč  ĒaŇč kaňĆlalaki'han,simple laŇč aŇč kalalakihan
kuŇč …°ano' Ēon ma…°ba'ba…°o  Ēa'ko naŇč ' Ēisip,kuŇč …°anoonňĆ ma…°baba…°o ako Ňč isip
paki' Ēusap tiŇč'nan mo naŇč ma'buti  ĒaŇč ' ĒakiŇč  Ēa'nak,pakiusapňĆ tiŇčnan mo naŇč mabuti aŇč akiŇč anak
na…ĺi'ni…° ko  ĒaŇč ma'Ňča 'bataŇč kumakan'ta naŇč sa'bajsa'baj,na…ĺini…° ko aŇč m…°a bataŇč kumakanta naŇč sabaj-sabaj
pakakasa'lan mo ba  Ēa'ko,pakakasalan mo ba ako?
ba'ka Ē ma…°'jelo sa ňĆsusu'nod na liŇč'…°o,baka ma…°jelo sa susunod na liŇč…°o
di Ē  Ēa'ko saŇč' Ēajon sa kan'ja Ē,di ako saŇč-ajon sa ka…≤a
ma…°ta'lop naŇč dala'wa sa ma'Ňča 'sa…°iŇč,ma…°talop naŇč dalawa sa m…°a sa…°iŇč
hu'a…° nin'jo  Ēa'koŇč  Ēi'wanan,huwa…° ni…≤o akoŇč iwanan!
'minsan hin'di Ē  Ēa'ko mapala'…°aj ka'pa…° na Ēi' Ēisip ko  ĒaŇč kiňĆnabu'kasan,minsan hindi ako mapala…°aj kapa…° naiisip ko aŇč kinabukasan
 Ēi'nom ta'jo Ē ' Ēo kuŇč  Ēa'no 'man, Ēinom tajo o kuŇč ano man
 Ēa'ko  Ēaj bak'la Ē, Ēako aj bakla
no' ĒoŇč ' ĒunaŇč pana'hon ma'Ňča  Ēani'mista  ĒaŇč 'ta Ēo sa ha'wa Ēi,nooŇč unaŇč panahonňĆ m…°a animista aŇč tao sa hawaii
pa' Ēano mo nala'laman,paano mo nalalaman?
ka'ninoŇč 'notbuk  Ēi'an,kaninoŇč notbuk ijan?
 ĒaŇč ' Ēa…ĺaw  Ēaj sumusu'no…° na 'bola, ĒaŇč a…ĺaw aj sumusuno…° na bola
naŇčda'daja Ē si 'tom,naŇčdadaja si tom
ma…ĺu'mi  ĒaŇč 'plato,ma…ĺumi aŇč plato
 ĒaŇč pa…°papasa'lamat  Ēaj pinala'laja 'tajo mu'la sa ma'Ňča nakala'lasoŇč  Ēemos'jon, ĒaŇč pa…°papasalamat aj pinalalaja tajo mula sa m…°a nakalalasoŇč emo Éon
pu'lutin mo  ĒaŇč 'lapis sa sa'hi…°,pulutin mo aŇč lapis sa sahi…°
binaŇč'…°it ni'a  ĒaŇč pa'Ňčalan mo sa ' Ēakin,binaŇč…°it nija aŇč paŇčalan mo sa akin
mabi'lis ku'malat  ĒaŇč ba'lita Ē tuŇč'kol sa naŇč'ja…ĺi,mabilis kumalat aŇč balita tuŇčkol sa naŇčja…ĺi
na…°' Ēo…ĺde…ĺ  Ēa'ko naŇč 'pitsa sa te'lepono,na…°-o…ĺde…ĺ ako Ňč pizza sa telepono
ma'…ĺunoŇč ka 'baŇč ma…°bi'laŇč haŇč'…°aŇč sam'pu Ē sa  Ēin'tÕ° Éik,ma…ĺunoŇč ka baŇč ma…°bilaŇč haŇč…°aŇč sampu sa intsik?
na…°lili'bot si'a naŇč pa…°kawa'laŇč 'diwa Ē,na…°lilibot sija naŇč pa…°kawalaŇč diwa
nataŇč'…°ap mo na ba  ĒaŇč 'sulat,nataŇč…°ap mo na ba aŇč sulat?
ma…°kapa'…ĺeho ba si'la,ma…°kapa…ĺeho ba sila?
sumusu'ko Ē  Ēa'ko,sumusuko ako
mata' Ēas na  ĒaŇč ' Ēa…ĺaw naŇč  Ēuma'lis  Ēa'ko sa 'kama,mataas na aŇč a…ĺaw naŇč umalis ako sa kama
ka Ēi'laŇčan 'namin naŇč pa…°'ka Ēin ma'Ňča da'mit  Ēat 'bahaj ' ĒupaŇč ma'buhaj,kailaŇčan namin Ňč pa…°kainňĆ m…°a damit at bahaj upaŇč mabuhaj
ali'nisan ko la 'so 'kwa…ĺtok, Ēalinisan ko la so kua…ĺtok
sinu'bukan 'koŇč ma…°su'lat '…°amit  ĒaŇč kali'waŇč ka'maj,sinubukan koŇč ma…°sulat …°amit aŇč kaliwaŇč kamaj
 Ēi'kaw  ĒaŇč pinakamataŇč'kad, Ēikaw aŇč pinakamataŇčkad
'…°usto 'koŇč ku'ma Ēin naŇč is'teyk,…°usto koŇč kumain Ňč istejk
Ňča'jon na 'nasa  Ēe'dad ka na maj ka…ĺapa'tan ka na sa pa…°'boto,Ňčajon na nasa edad ka naňĆ maj ka…ĺapatan ka na sa pa…°boto
pa…°pala' Ēin ka,pa…°palain ka
ka'mij sumasaŇč' Ēajon,kami'j sumasaŇč-ajon
'dahil sa ka'njaŇč ma'lakiŇč 'sweldo nakakabi'ahe si'a sa i'baŇč ban'sa Ē ta' Ēonta' Ēon,dahil sa ka…≤aŇč malakiŇč sweldoňĆ nakakabijahe sija sa ibaŇč bansa taon-taon
saŇč' Ēajon  Ēa'ko sa la'hat naŇč si'nabi mo,saŇč-ajon ako sa lahat Ňč sinabi mo
kuma'ka Ēin ka sa si'lid Ēa'…ĺalan,kumakain ka sa silid-a…ĺalan?
'sabi naŇč ma'…°ulaŇč ko na 'dapat 'natiŇč i'…°alaŇč  ĒaŇč ma'Ňča nakatatan'da Ē,sabi Ňč ma…°ulaŇč ko na dapat natiŇč i…°alaŇč aŇč m…°a nakatatanda
sa pa…°kaka Ēa'lam ko hin'di Ē pa na'sulat  ĒaŇč no'bela sa 'wikaŇč ha'pon,sa pa…°kaka-alam koňĆ hindi pa nasulat aŇč nobela sa wikaŇč hapon
paki'sabi sa ' Ēakin kuŇč ka Ēi'lan nin'jo …°us'toŇč ma…°' Ēo…ĺde…ĺ,pakisabi sa akin kuŇč kailan ni…≤o …°ustoŇč ma…°-o…ĺde…ĺ
hus'to na  Ēi'to 'pa…ĺa sa ' Ēakin,husto na ito pa…ĺa sa akin
 Ēi'lan naŇč pa'Ňčulo naŇč pili'pinas  ĒaŇč nanuŇčku'lan 'ba…°o si be'ni…°no sime'on  Ēa'kino d…ô't…ô…ĺd, Ēilan naŇč paŇčulo Ňč pilipinas aŇč nanuŇčkulan ba…°o si beni…°no simeon akuino iii?
kaka'kita ko 'laŇč  ĒaŇč  Ēak'lat na bini'li mo,kakakita ko laŇč aŇč aklat na binili mo
 ĒaŇč mun'doŇč  Ēi'to  Ēaj  Ēi'saŇč mali' Ēit na 'butil 'lamaŇč naŇč  Ēalika'bok, ĒaŇč mundoŇč ito aj isaŇč maliit na butil lamaŇč Ňč alikabok
 Ēi'laŇč ka…ĺ'…°aŇč ňĆla'bahin na'tapos mo Ňča'joŇč ' Ēa…ĺaw, ĒilaŇč ka…ĺ…°aŇč labahin natapos mo ŇčajoŇč a…ĺaw?
na…°sisinuŇča'liŇč si'a,na…°sisinuŇčaliŇč sija
maj …°olp'ko…ĺs 'baŇč ma'lapit 'dito,maj …°olpko…ĺs baŇč malapit dito?
ka'ja Ē 'tama Ē '…ĺin pa'la  Ēa'ko,kajaňĆ tama …ĺin pala ako!
ta'kot na ta'kot si 'tom,tak√≥t na tak√≥t si tom
sa ha'pon la'hat naŇč 'bataj pumupun'ta sa ňĆpa Ēa…ĺa'lan,sa haponňĆ lahat Ňč bata'j pumupunta sa paa…ĺalan
tumi'Ňčin si'a sa ka'njaŇč sa'…ĺili sa sala'min,tumiŇčin sija sa ka…≤aŇč sa…ĺili sa salamin
kinakaba'han si'a sa …ĺe'sulta naŇč kan'jaŇč ek'samen,kinakabahan sija sa …ĺesulta Ňč ka…≤aŇč eksamen
ma' Ēasim  ĒaŇč ma'Ňča ' Ēubas na  Ēi'to,maasim aŇč m…°a ubas na ito
hin'di Ē mo 'pwedeŇč …°a'mitin  ĒaŇč '…°…ĺipoŇč  Ēi'to si'…ĺa Ē  Ēi'to,hindi mo pwedeŇč …°amitin aŇč …°…ĺipoŇč ito si…ĺa ito
pa'la…°i Ē  Ēa'koŇč na…°kaňĆkama'li Ē,pala…°i akoŇč na…°kakamali
'na Ēis 'koŇč ma'…°iŇč ka Ēi'bi…°an si 'nansi,nais koŇč ma…°iŇč kaibi…°an si nankj
su'mubok si'a  Ēat na…°a'wa Ē ni'a,sumubok sijaňĆ at na…°awa nija
'tuloŇč hinima'taj si'a,tuloŇčňĆ hinimataj sija!
naka'punta  Ēa'ko di'an naŇč ma'…ĺamiŇč 'beses,nakapunta ako dijan naŇč ma…ĺamiŇč beses
wa'la Ē pa  Ēa'koŇč naka'ka Ēin simu'la Ē ni'toŇč  Ēu'ma…°a,wala pa akoŇč nakakain simula nitoŇč uma…°a
 ĒaŇč da' Ēan sa kapaja'pa Ēan  Ēaj pa…°da…ĺa'sal, ĒaŇč daan sa kapajapaan aj pa…°da…ĺasal
pinala'ki si'a naŇč ka'njaŇč ti'ahin,pinalaki sija Ňč ka…≤aŇč tijahin
bi'hi…ĺa Ē 'laŇč  Ēumu'lan 'dito,bihi…ĺa laŇč umulan dito
kamus'ta ka ' Ēajos na'man  Ēa'ko sa'lamat,"""kamusta ka?"" ""ajos naman akoňĆ salamat"""
mun'tik na  Ēa'koŇč ma'lunod,muntik na akoŇč malunod
do' Ēon  Ēa'ko sa li'kod  Ēu Ēu'po Ē,doon ako sa likod uupo
pina…° Ēu'sapan ni'a  ĒaŇč sa'…ĺili ni'a,pina…°-usapan nija aŇč sa…ĺili nija
'kinse mi'nutos na 'laŇč  Ēat  Ēa Ēa'lis na  Ēa'ko 'dito,kinse minutos na laŇč at aalis na ako dito
maj nawa'lan naŇč  Ēi'saŇč pi'taka Ē,maj nawalan Ňč isaŇč pitaka
ka Ēi'laŇčan 'koŇč ku'ma Ēin naŇč 'mas masus'tansia,kailaŇčan koŇč kumain naŇč mas masustansija
dok'to…ĺ si'a  Ēat p…ĺope'so…ĺ sa  Ēunibe…ĺsi'dad,dokto…ĺ sija at p…ĺopeso…ĺ sa unibe…ĺsidad
'…°usto 'koŇč ma…°' Ēalaj sa sa'…ĺili ko,…°usto koŇč ma…°-alaj sa sa…ĺili ko
kuŇč ňĆ Ēu Ēu'lan di Ē  Ēa'ko  Ēa Ēa'lis sa …°a'bi,kuŇč uulanňĆ di ako aalis sa …°abi
'pa…ĺaŇč ' Ēajaw 'koŇč ma…°' Ēa…ĺal naŇč ma'Ňča  Ēa…°'ham,pa…ĺaŇč ajaw koŇč ma…°-a…ĺal Ňč m…°a a…°ham
ma…°as'paŇč  ĒaŇč ma'Ňča ka'maj ni'a,ma…°aspaŇč aŇč m…°a kamaj nija
ma…°papala'ki  Ēa'ko naŇč ma'…ĺamiŇč 'puno Ē '…ĺito,ma…°papalaki ako Ňč ma…ĺamiŇč puno …ĺito
 Ēa'kala Ē 'namin  Ēi'kaj natu'tulo…°, Ēakala namin ika'j natutulo…°
namu'la  ĒaŇč muk'ha Ē ni'a,namula aŇč mukha nija
mada'las 'namin  Ēi'on …°a'win no' ĒoŇč 'bata Ē ka'mi,madalas namin ijon …°awin nooŇč bata kami
ma'hal  ĒaŇč 'buhaj sa malala'kiŇč 'bahaj,mahal aŇč buhaj sa malalakiŇč bahaj
hin'di Ē ko bi'noto si 'tom,hindi ko binoto si tom
sun'dan mo  Ēa'ko  Ēat  Ēipaki'kita ko sa  Ēi'o  ĒaŇč da' Ēan,sundan mo ako at ipakikita ko sa ijo aŇč daan
na'tapos mo na ba  ĒaŇč tak'daŇč Ēa…ĺa'lin mo,natapos mo na ba aŇč takdaŇč-a…ĺalin mo?
bili'san 'laŇč 'natin,bilisan laŇč natin
naki'kita ko  ĒaŇč 'luha Ē sa  Ēi'joŇč ma'Ňča ma'ta,nakikita ko aŇč luha sa ijoŇč m…°a mata
 ĒaŇč ta'…°al na 'din 'natiŇč hin'di Ē nakakapa…°' Ēusap  Ēo kamus'ta ka na'man, ĒaŇč ta…°al na din natiŇč hindi nakakapa…°usap ohňĆ kamusta ka naman?
maj da'lawaŇč dol'ja…ĺ la'maŇč 'tajo,maj dalawaŇč dolja…ĺ lamaŇč tajo
na…°'bajad si 'tom,na…°bajad si tom
 Ēa'tat si'aŇč pumun'ta sa  Ēospi'tal, Ēatat sijaŇč pumunta sa ospital
hu'a…° ma…°t…ĺa'baho naŇč 'labis,huwa…° ma…°t…ĺabaho naŇč labis!
'…°usto ko  ĒaŇč ma'Ňča pa'…°oŇč,…°usto ko aŇč m…°a pa…°oŇč
pakita'wa…°an mo  Ēa'ko ka'pa…°  Ēa'lam mo na  ĒaŇč …°us'to 'moŇč …°a'win,pakitawa…°an mo ako kapa…° alam mo na aŇč …°usto moŇč …°awin
ki'na Ēin ko  ĒaŇč ma'Ňča man'sanas na 'be…ĺde,kinain ko aŇč m…°a mansanas na be…ĺde
 Ēu'mamin si 'tom, Ēumamin si tom
makakala'boso ka,makakalaboso ka
pa'…ĺehoŇč kasa'baj na pinaka Ēan'ti…°o  Ēat pinakamo'de…ĺnoŇč  Ēa…°'ham  ĒaŇč  Ēast…ĺono'mia,pa…ĺehoŇč kasabaj na pinakaanti…°o at pinakamode…ĺnoŇč a…°ham aŇč ast…ĺonomija
ma'jaman si'a 'Ňčunit  ĒaŇč 'buhaj ni'jaj 'pa…ĺaŇč 'ta ĒoŇč na…°papali'mos,majaman sijaňĆ Ňčunit aŇč buhaj nija'j pa…ĺaŇč taoŇč na…°papalimos
sa' Ēan  ĒaŇč  Ēistas'jon naŇč 't…ĺen,saan aŇč ista Éon Ňč t…ĺen?
 ĒuňĆmi Ēi'ak 'tajo pa…°'ka tala'…°aŇč maluŇč'kot 'tajo, Ēumiijak tajo pa…°ka tala…°aŇč maluŇčkot tajo
i'toŇč kos'tumb…ĺej no' Ēon 'paŇč pana'hoŇč 'edo, ĒitoŇč kostumb…ĺe'j noon paŇč panahoŇč edo
 ĒiňĆna Ēan'tok  Ēa'ko, Ēinaantok ako
ta…°ab…ĺa'sil  Ēa'ko,ta…°a-b…ĺasil ako
'kahit na mabi'lis ka hin'di Ē ka pa han'da Ē,kahit na mabilis kaňĆ hindi ka pa handa
 ĒaŇč  Ēa'nak 'koŇč ba'ba Ēe  Ēaj buňĆmibi'li naŇč '…°atas sa tin'dahan, ĒaŇč anak koŇč babae aj bumibili Ňč …°atas sa tindahan
wa'la Ē si'aŇč 'nobja,wala sijaŇč nobja
hin'di Ē si'la makapa…°lak'baj 'dahil maj p…ĺob'lemaŇč na…°a'nap,hindi sila makapa…°-lakbaj dahil maj p…ĺoblemaŇč na…°anap
naki'ta ko si 'tom do' Ēon,nakita ko si tom doon
 ĒaŇč tukud'laŇčit  Ēaj nakatin'di…° naŇč 'mas mata' Ēas naŇč  Ēi'baŇč …°u'sali Ē sa pali'bot, ĒaŇč tukudlaŇčit aj nakatindi…° naŇč mas mataas Ňč ibaŇč …°usali sa palibot
wa'laŇč nakakapa…°lu'tas sa p…ĺo'blemaŇč  Ēi'to,walaŇč nakakapa…°lutas sa p…ĺoblemaŇč ito
 Ēi'laŇč ta' Ēon ka na  Ēa'ko beintisa' Ēis 'ta ĒoŇč '…°ulaŇč, ĒilaŇč taon ka na? ako beintisais taoŇč …°ulaŇč
'konti Ē 'laŇč  ĒaŇč lib'…ĺo 'koŇč  ĒiŇč'…°les,konti laŇč aŇč lib…ĺo koŇč iŇčles
ipa…°pa'liban 'natin  ĒaŇč ha'punan, Ēipa…°paliban natin aŇč hapunan
ma'hal tala'…°a  ĒaŇč 'p…ĺesjo naŇč ' ĒawtoŇč  Ēi'to,mahal tala…°a aŇč p…ĺe Éo Ňč awtoŇč ito
' Ēo…ĺas naŇč  Ēi'wanan mo  ĒaŇč  Ēi'joŇč ka Ēu…°ali' ĒaŇč 'bata Ē, Ēo…ĺas naŇč iwanan mo aŇč ijoŇč kau…°aliaŇč bata
 Ēa'noŇč pabo'…ĺito 'moŇč 'klaseŇč paŇčhi'ma…°as, ĒanoŇč pabo…ĺito moŇč klaseŇč paŇčhima…°as?
napaka…°a'liŇč ni'aŇč musi'ke…ĺo,napaka…°aliŇč nijaŇč musike…ĺo
pinatu…°'to…° mo si 'tom naŇč …°i'ta…ĺa,pinatu…°to…° mo si tom Ňč …°ita…ĺa
pa' Ēano ka na'tuto naŇč  Ēespe'…ĺanto,paano ka natuto Ňč espe…ĺanto?
napaka'…ĺamiŇč …°ina…°a'wa Ē ni tom na hin'di Ē si'a naŇčaŇčhali'an,napaka…ĺamiŇč …°ina…°awa ni tom na hindi sija naŇčaŇčhalian
pupun'ta ka'mi sa li'biŇčan Ňča'jon na,pupunta kami sa libiŇčan Ňčajon na
